species,chromosome,chromosome_size_chunks,num_oligocentromere_arrays,num_oligocentromere_chunks,non_oligo_chunks,mean_array_length_chunks,median_array_length_chunks,mean_gap_chunks,median_gap_chunks
Carex_riparia,OZ206386.1,4179,36,149,4030,4.138888888888889,4,108.91891891891892,114
Carex_riparia,OZ206387.1,3415,19,61,3354,3.210526315789474,4,167.7,117.5
Carex_riparia,OZ206388.1,3168,33,115,3053,3.484848484848485,4,89.79411764705883,95.5
Carex_riparia,OZ206389.1,3132,21,86,3046,4.095238095238095,4,138.45454545454547,129
Carex_riparia,OZ206390.1,3028,31,111,2917,3.5806451612903225,4,91.15625,100
Carex_riparia,OZ206391.1,2968,28,114,2854,4.071428571428571,4,98.41379310344827,97
Carex_riparia,OZ206392.1,2925,26,99,2826,3.8076923076923075,4,104.66666666666667,120
Carex_riparia,OZ206393.1,2833,22,90,2743,4.090909090909091,4,119.26086956521739,106
Carex_riparia,OZ206394.1,2801,31,116,2685,3.7419354838709675,4,83.90625,91.5
Carex_riparia,OZ206395.1,2632,13,56,2576,4.3076923076923075,4,184,178
Carex_riparia,OZ206396.1,2438,13,41,2397,3.1538461538461537,4,171.21428571428572,182.5
Carex_riparia,OZ206397.1,2401,14,57,2344,4.071428571428571,4,156.26666666666668,168
Carex_riparia,OZ206398.1,2257,21,82,2175,3.9047619047619047,4,98.86363636363636,111
Carex_riparia,OZ206399.1,2245,21,81,2164,3.857142857142857,4,98.36363636363636,102
Carex_riparia,OZ206400.1,2244,22,95,2149,4.318181818181818,4.5,93.43478260869566,104
Carex_riparia,OZ206401.1,2225,24,75,2150,3.125,3,86,55
Carex_riparia,OZ206402.1,2222,20,71,2151,3.55,4,102.42857142857143,118
Carex_riparia,OZ206403.1,2185,12,36,2149,3,3,165.30769230769232,165
Carex_riparia,OZ206404.1,2123,20,69,2054,3.45,3.5,97.80952380952381,120
Carex_riparia,OZ206405.1,2058,20,84,1974,4.2,4,94,95
Carex_riparia,OZ206406.1,2048,18,76,1972,4.222222222222222,4.5,103.78947368421052,125
Carex_riparia,OZ206407.1,1973,19,70,1903,3.6842105263157894,4,95.15,76.5
Carex_riparia,OZ206408.1,1936,9,26,1910,2.888888888888889,3,191,210.5
Carex_riparia,OZ206409.1,1919,16,62,1857,3.875,4,109.23529411764706,116
Carex_riparia,OZ206410.1,1863,12,54,1809,4.5,5,139.15384615384616,148
Carex_riparia,OZ206411.1,1849,15,60,1789,4,4,111.8125,121
Carex_riparia,OZ206412.1,1837,16,61,1776,3.8125,4,104.47058823529412,121
Carex_riparia,OZ206413.1,1794,14,58,1736,4.142857142857143,4,115.73333333333333,119
Carex_riparia,OZ206414.1,1765,12,46,1719,3.8333333333333335,4,132.23076923076923,153
Carex_riparia,OZ206415.1,1738,9,35,1703,3.888888888888889,4,170.3,199.5
Carex_riparia,OZ206416.1,1685,11,43,1642,3.909090909090909,4,136.83333333333334,117.5
Carex_riparia,OZ206417.1,1661,13,52,1609,4,4,114.92857142857143,103
Carex_riparia,OZ206418.1,1408,8,26,1382,3.25,3.5,153.55555555555554,163
Carex_riparia,OZ206419.1,1247,3,11,1236,3.6666666666666665,4,309,298.5
Carex_riparia,OZ206420.1,1216,5,18,1198,3.6,4,199.66666666666666,221.5
Carex_riparia,OZ206421.1,1161,7,18,1143,2.5714285714285716,2,142.875,110.5
Carex_laevigata,OZ173124.1,4143,30,165,3978,5.5,5.5,128.32258064516128,145
Carex_laevigata,OZ173125.1,2910,19,132,2778,6.947368421052632,7,138.9,155.5
Carex_laevigata,OZ173126.1,2741,19,117,2624,6.157894736842105,6,131.2,141.5
Carex_laevigata,OZ173127.1,2736,25,163,2573,6.52,7,98.96153846153847,91.5
Carex_laevigata,OZ173128.1,2648,28,127,2521,4.535714285714286,3.5,86.93103448275862,70
Carex_laevigata,OZ173129.1,2620,19,92,2528,4.842105263157895,5,126.4,128
Carex_laevigata,OZ173130.1,2579,21,113,2466,5.380952380952381,6,112.0909090909091,133
Carex_laevigata,OZ173131.1,2544,23,93,2451,4.043478260869565,3,102.125,109.5
Carex_laevigata,OZ173132.1,2541,21,102,2439,4.857142857142857,5,110.86363636363636,101
Carex_laevigata,OZ173133.1,2410,17,95,2315,5.588235294117647,5,128.61111111111111,135.5
Carex_laevigata,OZ173134.1,2380,18,88,2292,4.888888888888889,5,120.63157894736842,143
Carex_laevigata,OZ173135.1,2336,26,107,2229,4.115384615384615,4.5,82.55555555555556,77
Carex_laevigata,OZ173136.1,2314,17,89,2225,5.235294117647059,5,123.61111111111111,108.5
Carex_laevigata,OZ173137.1,2272,13,68,2204,5.230769230769231,5,157.42857142857142,168
Carex_laevigata,OZ173138.1,2116,15,86,2030,5.733333333333333,7,126.875,103
Carex_laevigata,OZ173139.1,2056,17,82,1974,4.823529411764706,5,109.66666666666667,119
Carex_laevigata,OZ173140.1,2038,16,81,1957,5.0625,5,115.11764705882354,101
Carex_laevigata,OZ173141.1,1996,18,74,1922,4.111111111111111,4,101.15789473684211,63
Carex_laevigata,OZ173142.1,1992,11,65,1927,5.909090909090909,6,160.58333333333334,132
Carex_laevigata,OZ173143.1,1961,13,77,1884,5.923076923076923,6,134.57142857142858,138.5
Carex_laevigata,OZ173144.1,1933,13,60,1873,4.615384615384615,4,133.78571428571428,126.5
Carex_laevigata,OZ173145.1,1881,10,51,1830,5.1,5.5,166.36363636363637,163
Carex_laevigata,OZ173146.1,1800,14,76,1724,5.428571428571429,4.5,114.93333333333334,121
Carex_laevigata,OZ173147.1,1753,11,65,1688,5.909090909090909,5,140.66666666666666,162
Carex_laevigata,OZ173148.1,1733,10,54,1679,5.4,5.5,152.63636363636363,142
Carex_laevigata,OZ173149.1,1685,12,56,1629,4.666666666666667,5,125.3076923076923,136
Carex_laevigata,OZ173150.1,1682,10,54,1628,5.4,6,148,169
Carex_laevigata,OZ173151.1,1656,14,75,1581,5.357142857142857,5.5,105.4,99
Carex_laevigata,OZ173152.1,1602,11,64,1538,5.818181818181818,6,128.16666666666666,165.5
Carex_laevigata,OZ173153.1,1570,8,52,1518,6.5,6,168.66666666666666,195
Carex_laevigata,OZ173154.1,1550,9,48,1502,5.333333333333333,5,150.2,171
Carex_laevigata,OZ173155.1,1512,11,53,1459,4.818181818181818,5,121.58333333333333,111
Carex_laevigata,OZ173156.1,1459,11,48,1411,4.363636363636363,5,117.58333333333333,145.5
Carex_laevigata,OZ173157.1,1431,10,48,1383,4.8,5.5,125.72727272727273,34
Carex_laevigata,OZ173158.1,1355,9,34,1321,3.7777777777777777,4,132.1,119
Carex_laevigata,OZ173159.1,1198,8,33,1165,4.125,5,129.44444444444446,184
Bolboschoenus_planiculmis,CM062750.1,863,8,18,845,2.25,2,93.88888888888889,91
Bolboschoenus_planiculmis,CM062751.1,903,8,19,884,2.375,2,98.22222222222223,126
Bolboschoenus_planiculmis,CM062752.1,723,8,25,698,3.125,2.5,77.55555555555556,5
Bolboschoenus_planiculmis,CM062753.1,633,12,24,609,2,1.5,46.84615384615385,25
Bolboschoenus_planiculmis,CM062754.1,720,6,11,709,1.8333333333333333,2,101.28571428571429,50
Bolboschoenus_planiculmis,CM062755.1,740,3,7,733,2.3333333333333335,2,183.25,180.5
Bolboschoenus_planiculmis,CM062756.1,1814,5,10,1804,2,2,300.6666666666667,231
Bolboschoenus_planiculmis,CM062757.1,770,3,8,762,2.6666666666666665,3,190.5,28.5
Bolboschoenus_planiculmis,CM062758.1,841,6,11,830,1.8333333333333333,2,118.57142857142857,6
Bolboschoenus_planiculmis,CM062759.1,970,25,79,891,3.16,2,34.26923076923077,7
Bolboschoenus_planiculmis,CM062760.1,917,12,20,897,1.6666666666666667,2,69,87
Bolboschoenus_planiculmis,CM062761.1,910,7,14,896,2,2,112,99.5
Bolboschoenus_planiculmis,CM062762.1,660,6,10,650,1.6666666666666667,2,92.85714285714286,11
Bolboschoenus_planiculmis,CM062763.1,899,8,18,881,2.25,2,97.88888888888889,66
Bolboschoenus_planiculmis,CM062764.1,897,8,20,877,2.5,2,97.44444444444444,85
Bolboschoenus_planiculmis,CM062765.1,887,6,30,857,5,3,122.42857142857143,84
Bolboschoenus_planiculmis,CM062766.1,887,10,23,864,2.3,2,78.54545454545455,6
Bolboschoenus_planiculmis,CM062767.1,874,12,36,838,3,2,64.46153846153847,89
Bolboschoenus_planiculmis,CM062768.1,852,6,21,831,3.5,3,118.71428571428571,91
Bolboschoenus_planiculmis,CM062769.1,847,7,38,809,5.428571428571429,3,101.125,113
Bolboschoenus_planiculmis,CM062770.1,857,8,23,834,2.875,3,92.66666666666667,99
Bolboschoenus_planiculmis,CM062771.1,832,11,25,807,2.272727272727273,2,67.25,20.5
Bolboschoenus_planiculmis,CM062772.1,838,5,22,816,4.4,4,136,104
Bolboschoenus_planiculmis,CM062773.1,837,8,30,807,3.75,2,89.66666666666667,58
Bolboschoenus_planiculmis,CM062774.1,983,5,16,967,3.2,4,161.16666666666666,140
Bolboschoenus_planiculmis,CM062775.1,827,12,23,804,1.9166666666666667,2,61.84615384615385,10
Bolboschoenus_planiculmis,CM062776.1,798,6,16,782,2.6666666666666665,3,111.71428571428571,79
Bolboschoenus_planiculmis,CM062777.1,812,6,15,797,2.5,2.5,113.85714285714286,106
Bolboschoenus_planiculmis,CM062778.1,811,10,19,792,1.9,2,72,62
Bolboschoenus_planiculmis,CM062779.1,808,10,24,784,2.4,2,71.27272727272727,88
Bolboschoenus_planiculmis,CM062780.1,780,5,13,767,2.6,2,127.83333333333333,142
Bolboschoenus_planiculmis,CM062781.1,776,6,19,757,3.1666666666666665,3,108.14285714285714,114
Bolboschoenus_planiculmis,CM062782.1,773,4,15,758,3.75,3,151.6,175
Bolboschoenus_planiculmis,CM062783.1,769,7,13,756,1.8571428571428572,2,94.5,82.5
Bolboschoenus_planiculmis,CM062784.1,750,4,10,740,2.5,2,148,114
Bolboschoenus_planiculmis,CM062785.1,741,6,12,729,2,2,104.14285714285714,92
Bolboschoenus_planiculmis,CM062786.1,738,4,10,728,2.5,2.5,145.6,179
Bolboschoenus_planiculmis,CM062787.1,935,8,19,916,2.375,2,101.77777777777777,9
Bolboschoenus_planiculmis,CM062788.1,657,7,17,640,2.4285714285714284,2,80,84.5
Bolboschoenus_planiculmis,CM062789.1,641,7,20,621,2.857142857142857,2,77.625,6
Bolboschoenus_planiculmis,CM062790.1,712,7,16,696,2.2857142857142856,2,87,110.5
Bolboschoenus_planiculmis,CM062791.1,714,7,15,699,2.142857142857143,2,87.375,77
Bolboschoenus_planiculmis,CM062792.1,703,7,16,687,2.2857142857142856,2,85.875,96.5
Bolboschoenus_planiculmis,CM062793.1,695,8,17,678,2.125,2,75.33333333333333,64
Bolboschoenus_planiculmis,CM062794.1,683,10,27,656,2.7,2.5,59.63636363636363,13
Bolboschoenus_planiculmis,CM062795.1,688,4,8,680,2,2,136,115
Bolboschoenus_planiculmis,CM062796.1,688,5,12,676,2.4,2,112.66666666666667,138
Bolboschoenus_planiculmis,CM062797.1,714,5,10,704,2,2,117.33333333333333,120
Bolboschoenus_planiculmis,CM062798.1,666,13,17,649,1.3076923076923077,1,46.357142857142854,18.5
Bolboschoenus_planiculmis,CM062799.1,666,5,11,655,2.2,2,109.16666666666667,102.5
Bolboschoenus_planiculmis,CM062800.1,657,4,9,648,2.25,2,129.6,91
Bolboschoenus_planiculmis,CM062801.1,1268,8,31,1237,3.875,2.5,137.44444444444446,10
Bolboschoenus_planiculmis,CM062802.1,645,10,41,604,4.1,3.5,54.90909090909091,5
Bolboschoenus_planiculmis,CM062803.1,1063,5,15,1048,3,3,174.66666666666666,135.5
Carex_extensa,OZ205459.1,4866,26,87,4779,3.3461538461538463,3,177,156
Carex_extensa,OZ205460.1,3327,16,49,3278,3.0625,3,192.8235294117647,144
Carex_extensa,OZ205461.1,3080,16,45,3035,2.8125,3,178.52941176470588,164
Carex_extensa,OZ205462.1,2560,17,49,2511,2.8823529411764706,3,139.5,126
Carex_extensa,OZ205463.1,2464,17,57,2407,3.3529411764705883,4,133.72222222222223,122
Carex_extensa,OZ205464.1,2420,16,49,2371,3.0625,3,139.47058823529412,139
Carex_extensa,OZ205465.1,2407,14,41,2366,2.9285714285714284,3,157.73333333333332,181
Carex_extensa,OZ205466.1,2273,17,43,2230,2.5294117647058822,3,123.88888888888889,116
Carex_extensa,OZ205467.1,2268,11,36,2232,3.272727272727273,3,186,165.5
Carex_extensa,OZ205468.1,2242,17,52,2190,3.0588235294117645,3,121.66666666666667,112.5
Carex_extensa,OZ205469.1,2153,15,63,2090,4.2,4,130.625,109
Carex_extensa,OZ205470.1,2135,20,64,2071,3.2,2,98.61904761904762,45
Carex_extensa,OZ205471.1,2094,11,36,2058,3.272727272727273,3,171.5,172
Carex_extensa,OZ205472.1,2046,13,36,2010,2.769230769230769,3,143.57142857142858,139.5
Carex_extensa,OZ205473.1,1912,11,41,1871,3.727272727272727,3,155.91666666666666,88
Carex_extensa,OZ205474.1,1853,11,34,1819,3.090909090909091,3,151.58333333333334,104.5
Carex_extensa,OZ205475.1,1821,10,33,1788,3.3,3.5,162.54545454545453,136
Carex_extensa,OZ205476.1,1788,10,34,1754,3.4,4,159.45454545454547,146
Carex_extensa,OZ205477.1,1679,8,20,1659,2.5,2,184.33333333333334,150
Carex_extensa,OZ205478.1,1652,10,30,1622,3,3,147.45454545454547,114
Carex_extensa,OZ205479.1,1602,8,26,1576,3.25,2.5,175.11111111111111,92
Carex_extensa,OZ205480.1,1537,16,38,1499,2.375,2,88.17647058823529,41
Carex_extensa,OZ205481.1,1526,8,17,1509,2.125,2,167.66666666666666,168
Carex_extensa,OZ205482.1,1525,6,24,1501,4,4,214.42857142857142,178
Carex_extensa,OZ205483.1,1513,6,26,1487,4.333333333333333,4,212.42857142857142,247
Carex_extensa,OZ205484.1,1465,5,12,1453,2.4,3,242.16666666666666,173.5
Carex_extensa,OZ205485.1,1440,9,30,1410,3.3333333333333335,3,141,150
Carex_extensa,OZ205486.1,1396,6,22,1374,3.6666666666666665,4,196.28571428571428,227
Carex_extensa,OZ205487.1,1376,9,26,1350,2.888888888888889,3,135,124.5
Carex_extensa,OZ205488.1,1294,5,17,1277,3.4,4,212.83333333333334,136
Carex_nigra,OZ256472.1,3077,32,141,2936,4.40625,4,88.96969696969697,113
Carex_nigra,OZ256473.1,2867,27,124,2743,4.592592592592593,5,97.96428571428571,104
Carex_nigra,OZ256474.1,2781,9,35,2746,3.888888888888889,4,274.6,236.5
Carex_nigra,OZ256475.1,2666,16,74,2592,4.625,5,152.47058823529412,131
Carex_nigra,OZ256476.1,2556,25,108,2448,4.32,5,94.15384615384616,86
Carex_nigra,OZ256477.1,2461,10,54,2407,5.4,5.5,218.8181818181818,235
Carex_nigra,OZ256478.1,2354,9,42,2312,4.666666666666667,5,231.2,234
Carex_nigra,OZ256479.1,2337,13,48,2289,3.6923076923076925,4,163.5,166
Carex_nigra,OZ256480.1,2299,13,54,2245,4.153846153846154,5,160.35714285714286,155.5
Carex_nigra,OZ256481.1,2287,24,127,2160,5.291666666666667,5,86.4,95
Carex_nigra,OZ256482.1,2202,17,77,2125,4.529411764705882,5,118.05555555555556,119
Carex_nigra,OZ256483.1,2199,21,97,2102,4.619047619047619,5,95.54545454545455,104
Carex_nigra,OZ256484.1,2189,13,61,2128,4.6923076923076925,5,152,151.5
Carex_nigra,OZ256485.1,2170,19,84,2086,4.421052631578948,4,104.3,120.5
Carex_nigra,OZ256486.1,2151,10,40,2111,4,4,191.9090909090909,167
Carex_nigra,OZ256487.1,2147,15,72,2075,4.8,5,129.6875,139
Carex_nigra,OZ256488.1,2114,16,70,2044,4.375,4,120.23529411764706,105
Carex_nigra,OZ256489.1,2042,15,64,1978,4.266666666666667,4,123.625,139.5
Carex_nigra,OZ256490.1,2039,16,82,1957,5.125,5,115.11764705882354,85
Carex_nigra,OZ256491.1,2010,25,120,1890,4.8,5,72.69230769,74.5
Carex_nigra,OZ256492.1,1998,21,100,1898,4.761904761904762,4,86.27272727272727,86.5
Carex_nigra,OZ256493.1,1945,9,31,1914,3.4444444444444446,4,191.4,142
Carex_nigra,OZ256494.1,1875,13,50,1825,3.8461538461538463,4,130.35714285714286,144.5
Carex_nigra,OZ256495.1,1801,10,39,1762,3.9,4.5,160.1818181818182,198
Carex_nigra,OZ256496.1,1801,9,36,1765,4,4,176.5,189
Carex_nigra,OZ256497.1,1791,14,49,1742,3.5,4,116.13333333333334,100
Carex_nigra,OZ256498.1,1714,12,67,1647,5.583333333333333,5.5,126.6923076923077,134
Carex_nigra,OZ256499.1,1713,16,78,1635,4.875,4.5,96.17647058823529,98
Carex_nigra,OZ256500.1,1709,3,7,1702,2.3333333333333335,2,425.5,444.5
Carex_nigra,OZ256501.1,1653,9,39,1614,4.333333333333333,5,161.4,171
Carex_nigra,OZ256502.1,1589,10,45,1544,4.5,4,140.36363636363637,115
Carex_nigra,OZ256503.1,1582,9,46,1536,5.111111111111111,5,153.6,151
Carex_nigra,OZ256504.1,1577,6,38,1539,6.333333333333333,4.5,219.85714285714286,205
Carex_nigra,OZ256505.1,1558,11,49,1509,4.454545454545454,4,125.75,122.5
Carex_nigra,OZ256506.1,1545,11,54,1491,4.909090909090909,5,124.25,136.5
Carex_nigra,OZ256507.1,1538,9,40,1498,4.444444444444445,4,149.8,137.5
Carex_nigra,OZ256508.1,1518,4,21,1497,5.25,4.5,299.4,224
Carex_nigra,OZ256509.1,1473,12,53,1420,4.416666666666667,5,109.23076923076923,109
Carex_nigra,OZ256510.1,1341,2,5,1336,2.5,2.5,445.3333333333333,452
Carex_nigra,OZ256511.1,1341,5,16,1325,3.2,3,220.83333333333334,116
Carex_nigra,OZ256512.1,1222,4,14,1208,3.5,4,241.6,196
Carex_nigra,OZ256514.1,1058,2,7,1051,3.5,3.5,350.3333333333333,310
Carex_divulsa,OZ060182.1,9143,38,697,8446,18.342105263157894,8,216.56410256410257,193
Carex_divulsa,OZ060183.1,4677,22,262,4415,11.909090909090908,5.5,191.95652173913044,223
Carex_divulsa,OZ060184.1,4555,17,229,4326,13.470588235294118,6,240.33333333333334,248.5
Carex_divulsa,OZ060185.1,3259,20,295,2964,14.75,6,141.14285714285714,142
Carex_divulsa,OZ060186.1,3246,17,180,3066,10.588235294117647,6,170.33333333333334,161.5
Carex_divulsa,OZ060187.1,3160,15,188,2972,12.533333333333333,6,185.75,185.5
Carex_divulsa,OZ060188.1,3078,17,151,2927,8.882352941176471,6,162.61111111111111,174
Carex_divulsa,OZ060189.1,3043,16,289,2754,18.0625,11,162,184
Carex_divulsa,OZ060190.1,3041,19,198,2843,10.421052631578947,9,142.15,166.5
Carex_divulsa,OZ060191.1,2688,12,121,2567,10.083333333333334,8,197.46153846153845,169
Carex_divulsa,OZ060192.1,2682,16,123,2559,7.6875,7.5,150.52941176470588,180
Carex_divulsa,OZ060193.1,2643,15,135,2508,9,7,156.75,192.5
Carex_divulsa,OZ060194.1,2624,11,128,2496,11.636363636363637,12,208,203.5
Carex_divulsa,OZ060195.1,2580,15,162,2418,10.8,7,151.125,166.5
Carex_divulsa,OZ060196.1,2436,10,115,2321,11.5,8,211,177
Carex_divulsa,OZ060197.1,2435,12,111,2324,9.25,7.5,178.76923076923077,185
Carex_divulsa,OZ060198.1,2293,13,162,2131,12.461538461538462,9,152.21428571428572,170.5
Carex_divulsa,OZ060199.1,2251,9,70,2181,7.777777777777778,7,218.1,212
Carex_divulsa,OZ060200.1,2184,6,107,2077,17.833333333333332,20,296.7142857142857,276
Carex_divulsa,OZ060201.1,2165,12,103,2062,8.583333333333334,8,158.6153846153846,193
Carex_divulsa,OZ060202.1,2123,9,150,1973,16.666666666666668,12,197.3,204
Carex_divulsa,OZ060203.1,2108,15,134,1974,8.933333333333334,6,123.375,79.5
Carex_divulsa,OZ060204.1,2101,10,141,1960,14.1,10,178.1818181818182,203
Carex_divulsa,OZ060205.1,1937,7,76,1861,10.857142857142858,9,232.625,265
Carex_divulsa,OZ060206.1,1849,8,97,1752,12.125,9,194.66666666666666,158
Carex_divulsa,OZ060207.1,1736,10,93,1643,9.3,7,149.36363636363637,171
Carex_divulsa,OZ060208.1,1597,7,90,1507,12.857142857142858,11,188.375,188
Juncus_squarrosus,OZ243986.1,5253,13,208,5045,16,2,360.35714285714283,16
Juncus_squarrosus,OZ243987.1,4463,17,509,3954,29.941176470588236,13,219.66666666666666,21
Juncus_squarrosus,OZ243988.1,4099,21,300,3799,14.285714285714286,4,172.6818181818182,23.5
Juncus_squarrosus,OZ243989.1,4005,1,50,3955,50,50,1977.5,1977.5
Juncus_squarrosus,OZ243990.1,3968,12,126,3842,10.5,5,295.53846153846155,37
Juncus_squarrosus,OZ243991.1,3941,7,123,3818,17.571428571428573,5,477.25,40.5
Juncus_squarrosus,OZ243992.1,3598,8,164,3434,20.5,5,381.55555555555554,20
Juncus_squarrosus,OZ243993.1,3430,17,727,2703,42.76470588235294,5,150.16666666666666,3
Juncus_squarrosus,OZ243994.1,3374,4,188,3186,47,11.5,637.2,298
Juncus_squarrosus,OZ243995.1,3373,4,444,2929,111,5,585.8,488
Juncus_squarrosus,OZ243996.1,3251,5,252,2999,50.4,5,499.8333333333333,82.5
Juncus_squarrosus,OZ243997.1,2764,1,242,2522,242,242,1261,1261
Juncus_squarrosus,OZ243998.1,2703,8,288,2415,36,20.5,268.3333333333333,1
Juncus_squarrosus,OZ243999.1,2656,7,196,2460,28,2,307.5,154.5
Juncus_squarrosus,OZ244000.1,2520,2,215,2305,107.5,107.5,768.3333333333334,918
Juncus_squarrosus,OZ244001.1,2468,5,207,2261,41.4,14,376.8333333333333,49.5
Juncus_squarrosus,OZ244002.1,2240,4,290,1950,72.5,40.5,390,17
Juncus_squarrosus,OZ244003.1,2139,4,490,1649,122.5,59.5,329.8,43
Juncus_squarrosus,OZ244004.1,2126,4,154,1972,38.5,2,394.4,213
Juncus_squarrosus,OZ244005.1,1332,3,68,1264,22.666666666666668,2,316,252
Eriophorum_angustifolium,OZ259035.1,4429,27,202,4227,7.481481481481482,6,150.96428571428572,134
Eriophorum_angustifolium,OZ259036.1,4261,20,99,4162,4.95,4,198.1904761904762,171
Eriophorum_angustifolium,OZ259037.1,4128,27,227,3901,8.407407407407407,6,139.32142857142858,90
Eriophorum_angustifolium,OZ259038.1,4088,21,251,3837,11.952380952380953,6,174.4090909090909,110
Eriophorum_angustifolium,OZ259039.1,3885,19,84,3801,4.421052631578948,3,190.05,97
Eriophorum_angustifolium,OZ259040.1,3833,18,133,3700,7.388888888888889,6,194.73684210526315,170
Eriophorum_angustifolium,OZ259041.1,3429,19,226,3203,11.894736842105264,9,160.15,108
Eriophorum_angustifolium,OZ259042.1,3286,32,235,3051,7.34375,7,92.45454545454545,88
Eriophorum_angustifolium,OZ259043.1,3202,33,197,3005,5.96969697,5,88.38235294117646,74
Eriophorum_angustifolium,OZ259044.1,3176,27,164,3012,6.074074074074074,6,107.57142857142857,99
Eriophorum_angustifolium,OZ259045.1,3093,25,158,2935,6.32,5,112.88461538461539,91
Eriophorum_angustifolium,OZ259046.1,2956,30,186,2770,6.2,6,89.35483870967742,80
Eriophorum_angustifolium,OZ259047.1,2918,22,141,2777,6.409090909090909,5,120.73913043478261,115
Eriophorum_angustifolium,OZ259048.1,2869,12,76,2793,6.333333333333333,6.5,214.84615384615384,146
Eriophorum_angustifolium,OZ259049.1,2839,32,171,2668,5.34375,5,80.84848484848484,59
Eriophorum_angustifolium,OZ259050.1,2817,16,116,2701,7.25,7,158.88235294117646,143
Eriophorum_angustifolium,OZ259051.1,2793,25,135,2658,5.4,6,102.23076923076923,87.5
Eriophorum_angustifolium,OZ259052.1,2669,22,146,2523,6.636363636363637,5,109.69565217391305,104
Eriophorum_angustifolium,OZ259053.1,2666,27,199,2467,7.37037037,7,88.10714285714286,74.5
Eriophorum_angustifolium,OZ259054.1,2661,28,243,2418,8.678571428571429,6,83.37931034482759,79
Eriophorum_angustifolium,OZ259055.1,2568,13,114,2454,8.769230769,7,175.28571428571428,131
Eriophorum_angustifolium,OZ259056.1,2562,21,143,2419,6.809523809523809,6,109.95454545454545,115
Eriophorum_angustifolium,OZ259057.1,2445,12,65,2380,5.416666666666667,5.5,183.07692307692307,177
Eriophorum_angustifolium,OZ259058.1,2275,14,99,2176,7.071428571428571,6,145.06666666666666,141
Eriophorum_angustifolium,OZ259059.1,2318,11,92,2226,8.363636363636363,6,185.5,155.5
Eriophorum_angustifolium,OZ259060.1,2146,7,33,2113,4.714285714285714,5,264.125,229.5
Eriophorum_angustifolium,OZ259061.1,1839,5,33,1806,6.6,9,301,177.5
Eriophorum_angustifolium,OZ259062.1,1832,5,20,1812,4,4,302,383.5
Eriophorum_angustifolium,OZ259063.1,1755,6,19,1736,3.1666666666666665,3,248,130
Schoenus_nigricans,OZ277373.1,14755,79,1281,13474,16.21518987341772,5,168.425,37.5
Schoenus_nigricans,OZ277374.1,9934,50,1641,8293,32.82,8,162.6078431372549,3
Schoenus_nigricans,OZ277375.1,8763,44,1198,7565,27.227272727272727,7,168.11111111111111,4
Schoenus_nigricans,OZ277376.1,8313,40,1435,6878,35.875,6,167.7560975609756,30
Schoenus_nigricans,OZ277377.1,8271,36,1241,7030,34.47222222222222,7.5,190,32
Schoenus_nigricans,OZ277378.1,8094,41,1180,6914,28.78048780487805,7,164.61904761904762,29.5
Schoenus_nigricans,OZ277379.1,7827,61,1315,6512,21.557377049180328,3,105.03225806451613,3
Schoenus_nigricans,OZ277380.1,7644,43,1022,6622,23.767441860465116,6,150.5,5
Schoenus_nigricans,OZ277381.1,7624,40,637,6987,15.925,4,170.41463414634146,103
Schoenus_nigricans,OZ277382.1,7348,43,1241,6107,28.86046511627907,6,138.79545454545453,6.5
Schoenus_nigricans,OZ277383.1,7303,29,885,6418,30.517241379310345,4,213.93333333333334,134
Schoenus_nigricans,OZ277384.1,7026,29,786,6240,27.103448275862068,6,208,3.5
Schoenus_nigricans,OZ277385.1,6576,38,1242,5334,32.68421052631579,11,136.76923076923077,3
Schoenus_nigricans,OZ277386.1,6343,38,900,5443,23.68421052631579,5,139.56410256410257,32
Schoenus_nigricans,OZ277387.1,6126,38,840,5286,22.105263157894736,5.5,135.53846153846155,4
Schoenus_nigricans,OZ277388.1,6015,37,833,5182,22.513513513513512,2,136.3684210526316,11.5
Schoenus_nigricans,OZ277389.1,5947,27,886,5061,32.81481481481482,8,180.75,14
Schoenus_nigricans,OZ277390.1,5880,31,872,5008,28.129032258064516,7,156.5,97.5
Schoenus_nigricans,OZ277391.1,5653,27,819,4834,30.333333333333332,9,172.64285714285714,3
Schoenus_nigricans,OZ277392.1,4298,26,414,3884,15.923076923076923,4,143.85185185185185,14
Schoenus_nigricans,OZ277393.1,4267,31,553,3714,17.838709677419356,5,116.0625,2
Juncus_inflexus,OZ276004.1,4213,25,1531,2682,61.24,13,103.15384615384616,2
Juncus_inflexus,OZ276005.1,3739,38,1218,2521,32.05263157894737,18,64.64102564102564,4
Juncus_inflexus,OZ276006.1,3694,19,533,3161,28.05263157894737,6,158.05,24
Juncus_inflexus,OZ276007.1,3607,11,103,3504,9.363636363636363,5,292,2.5
Juncus_inflexus,OZ276008.1,3581,26,704,2877,27.076923076923077,26.5,106.55555555555556,2
Juncus_inflexus,OZ276009.1,3579,34,814,2765,23.941176470588236,5.5,79,18
Juncus_inflexus,OZ276010.1,3235,41,270,2965,6.585365853658536,4,70.5952381,3.5
Juncus_inflexus,OZ276011.1,3206,11,395,2811,35.90909090909091,10,234.25,25.5
Juncus_inflexus,OZ276012.1,3147,7,20,3127,2.857142857142857,2,390.875,88
Juncus_inflexus,OZ276013.1,3085,29,248,2837,8.551724137931034,5,94.56666666666666,2
Juncus_inflexus,OZ276014.1,3059,28,820,2239,29.285714285714285,10,77.20689655172414,4
Juncus_inflexus,OZ276015.1,2986,32,659,2327,20.59375,10.5,70.51515151515152,2
Juncus_inflexus,OZ276016.1,2978,17,948,2030,55.76470588235294,11,112.77777777777777,2.5
Juncus_inflexus,OZ276017.1,2804,6,17,2787,2.8333333333333335,3,398.14285714285717,57
Juncus_inflexus,OZ276018.1,2667,17,70,2597,4.117647058823529,3,144.27777777777777,3.5
Juncus_inflexus,OZ276019.1,2625,12,99,2526,8.25,3.5,194.30769230769232,21
Juncus_inflexus,OZ276020.1,2615,23,71,2544,3.0869565217391304,2,106,3.5
Juncus_inflexus,OZ276021.1,2477,21,89,2388,4.238095238095238,3,108.54545454545455,5.5
Juncus_inflexus,OZ276022.1,2376,18,71,2305,3.9444444444444446,2,121.3157894736842,20
Juncus_inflexus,OZ276023.1,2086,7,15,2071,2.142857142857143,2,258.875,57
Juncus_inflexus,OZ276024.1,2131,5,14,2117,2.8,2,352.8333333333333,176.5
Luzula_sylvatica,OX326956.1,15449,195,2837,12612,14.548717948717949,3,64.34693877551021,49.5
Luzula_sylvatica,OX326957.1,14987,244,3599,11388,14.75,4,46.481632653061226,28
Luzula_sylvatica,OX326958.1,14906,242,3405,11501,14.070247933884298,3,47.32921810699588,31
Luzula_sylvatica,OX326959.1,14581,217,3875,10706,17.857142857142858,3,49.11009174311926,34
Luzula_sylvatica,OX326960.1,14103,222,2867,11236,12.914414414414415,4,50.38565022421525,37
Luzula_sylvatica,OX326961.1,12111,134,2065,10046,15.41044776119403,4,74.41481481481482,47
Cyperus_rotundus,CM116641.1,2344,0,0,2344,0,0,2344,2344
Cyperus_rotundus,CM116642.1,2058,0,0,2058,0,0,2058,2058
Cyperus_rotundus,CM116643.1,1799,0,0,1799,0,0,1799,1799
Cyperus_rotundus,CM116644.1,1558,0,0,1558,0,0,1558,1558
Cyperus_rotundus,CM116645.1,1526,0,0,1526,0,0,1526,1526
Cyperus_rotundus,CM116646.1,1496,0,0,1496,0,0,1496,1496
Cyperus_rotundus,CM116647.1,1488,0,0,1488,0,0,1488,1488
Cyperus_rotundus,CM116648.1,1436,0,0,1436,0,0,1436,1436
Cyperus_rotundus,CM116649.1,1425,0,0,1425,0,0,1425,1425
Cyperus_rotundus,CM116650.1,1380,0,0,1380,0,0,1380,1380
Cyperus_rotundus,CM116651.1,1373,0,0,1373,0,0,1373,1373
Cyperus_rotundus,CM116652.1,1355,0,0,1355,0,0,1355,1355
Cyperus_rotundus,CM116653.1,1335,0,0,1335,0,0,1335,1335
Cyperus_rotundus,CM116654.1,1332,0,0,1332,0,0,1332,1332
Cyperus_rotundus,CM116655.1,1331,0,0,1331,0,0,1331,1331
Cyperus_rotundus,CM116656.1,1284,0,0,1284,0,0,1284,1284
Cyperus_rotundus,CM116657.1,1233,0,0,1233,0,0,1233,1233
Cyperus_rotundus,CM116658.1,1185,0,0,1185,0,0,1185,1185
Cyperus_rotundus,CM116659.1,1162,0,0,1162,0,0,1162,1162
Cyperus_rotundus,CM116660.1,1129,0,0,1129,0,0,1129,1129
Cyperus_rotundus,CM116661.1,1098,0,0,1098,0,0,1098,1098
Cyperus_rotundus,CM116662.1,1094,0,0,1094,0,0,1094,1094
Cyperus_rotundus,CM116663.1,1005,0,0,1005,0,0,1005,1005
Cyperus_rotundus,CM116664.1,977,0,0,977,0,0,977,977
Cyperus_rotundus,CM116665.1,992,0,0,992,0,0,992,992
Cyperus_rotundus,CM116666.1,945,0,0,945,0,0,945,945
Cyperus_rotundus,CM116667.1,930,0,0,930,0,0,930,930
Cyperus_rotundus,CM116668.1,914,0,0,914,0,0,914,914
Cyperus_rotundus,CM116669.1,884,0,0,884,0,0,884,884
Cyperus_rotundus,CM116670.1,868,0,0,868,0,0,868,868
Cyperus_rotundus,CM116671.1,879,0,0,879,0,0,879,879
Cyperus_rotundus,CM116672.1,848,0,0,848,0,0,848,848
Cyperus_rotundus,CM116673.1,847,0,0,847,0,0,847,847
Cyperus_rotundus,CM116674.1,835,0,0,835,0,0,835,835
Cyperus_rotundus,CM116675.1,829,0,0,829,0,0,829,829
Cyperus_rotundus,CM116676.1,810,0,0,810,0,0,810,810
Cyperus_rotundus,CM116677.1,807,0,0,807,0,0,807,807
Cyperus_rotundus,CM116678.1,790,0,0,790,0,0,790,790
Cyperus_rotundus,CM116679.1,788,0,0,788,0,0,788,788
Cyperus_rotundus,CM116680.1,769,0,0,769,0,0,769,769
Cyperus_rotundus,CM116681.1,764,0,0,764,0,0,764,764
Cyperus_rotundus,CM116682.1,761,0,0,761,0,0,761,761
Cyperus_rotundus,CM116683.1,757,0,0,757,0,0,757,757
Cyperus_rotundus,CM116684.1,730,0,0,730,0,0,730,730
Cyperus_rotundus,CM116685.1,652,0,0,652,0,0,652,652
Cyperus_rotundus,CM116686.1,648,0,0,648,0,0,648,648
Cyperus_rotundus,CM116687.1,640,0,0,640,0,0,640,640
Cyperus_rotundus,CM116688.1,625,0,0,625,0,0,625,625
Cyperus_rotundus,CM116689.1,622,0,0,622,0,0,622,622
Cyperus_rotundus,CM116690.1,619,0,0,619,0,0,619,619
Cyperus_rotundus,CM116691.1,592,0,0,592,0,0,592,592
Cyperus_rotundus,CM116692.1,581,0,0,581,0,0,581,581
Cyperus_rotundus,CM116693.1,581,0,0,581,0,0,581,581
Cyperus_rotundus,CM116694.1,577,0,0,577,0,0,577,577
Cyperus_rotundus,CM116695.1,566,0,0,566,0,0,566,566
Rhynchospora_breviuscula,CM050398.1,18375,243,923,17452,3.7983539094650207,4,71.52459016393442,62
Rhynchospora_breviuscula,CM050399.1,14272,205,838,13434,4.087804878048781,4,65.21359223,64.5
Rhynchospora_breviuscula,CM050400.1,14083,204,849,13234,4.161764705882353,4,64.55609756097562,63
Rhynchospora_breviuscula,CM050401.1,13190,172,690,12500,4.011627906976744,4,72.25433526011561,67
Rhynchospora_breviuscula,CM050402.1,14093,181,763,13330,4.2154696132596685,4,73.24175824175825,65
Rhynchospora_tenuis,CM050888.1,43013,575,1689,41324,2.937391304347826,3,71.74305555555556,67
Rhynchospora_tenuis,CM050889.1,27072,334,916,26156,2.7425149700598803,3,78.07761194029851,68
Carex_depauperata,OZ078168.1,8771,76,291,8480,3.8289473684210527,3.5,110.12987012987013,86
Carex_depauperata,OZ078169.1,8286,69,284,8002,4.115942028985507,4,114.31428571428572,95.5
Carex_depauperata,OZ078170.1,8006,68,327,7679,4.8088235294117645,4,111.28985507246377,111
Carex_depauperata,OZ078171.1,7929,55,248,7681,4.509090909090909,4,137.16071428571428,135
Carex_depauperata,OZ078172.1,7736,54,216,7520,4,3.5,136.72727272727272,116
Carex_depauperata,OZ078173.1,7578,40,173,7405,4.325,4,180.6097561,138
Carex_depauperata,OZ078174.1,7361,68,285,7076,4.1911764705882355,3.5,102.55072463768116,113
Carex_depauperata,OZ078175.1,6721,51,243,6478,4.764705882352941,5,124.57692307692308,107
Carex_depauperata,OZ078176.1,6717,45,229,6488,5.088888888888889,5,141.04347826086956,145
Carex_depauperata,OZ078177.1,6516,58,269,6247,4.637931034482759,5,105.88135593220339,107
Carex_depauperata,OZ078178.1,6227,27,88,6139,3.259259259259259,3,219.25,79
Carex_depauperata,OZ078179.1,5703,52,234,5469,4.5,5,103.18867924528301,99
Carex_depauperata,OZ078180.1,5607,65,236,5371,3.6307692307692307,3,81.37878787878788,34
Carex_depauperata,OZ078181.1,5562,44,225,5337,5.113636363636363,5.5,118.6,93
Carex_depauperata,OZ078182.1,5455,43,197,5258,4.5813953488372094,4,119.5,107.5
Carex_depauperata,OZ078183.1,5423,32,115,5308,3.59375,3.5,160.84848484848484,152
Carex_depauperata,OZ078184.1,5114,53,243,4871,4.584905660377358,4,90.20370370370371,62
Carex_depauperata,OZ078185.1,5295,51,205,5090,4.019607843137255,4,97.88461538461539,71.5
Carex_depauperata,OZ078186.1,5145,20,91,5054,4.55,5,240.66666666666666,156
Carex_depauperata,OZ078187.1,5079,43,188,4891,4.372093023255814,5,111.1590909090909,96
Carex_depauperata,OZ078188.1,5069,43,194,4875,4.511627906976744,4,110.79545454545455,87
Carex_depauperata,OZ078189.1,4680,47,198,4482,4.212765957446808,4,93.375,97.5
Carex_pendula,OZ060212.1,3979,47,198,3781,4.212765957446808,4,78.77083333333333,86.5
Carex_pendula,OZ060213.1,3860,43,179,3681,4.162790697674419,4,83.65909091,102.5
Carex_pendula,OZ060214.1,3436,42,173,3263,4.119047619047619,4,75.88372093023256,80
Carex_pendula,OZ060215.1,3210,41,174,3036,4.2439024390243905,4,72.28571428571429,76
Carex_pendula,OZ060216.1,3152,36,177,2975,4.916666666666667,5,80.40540541,79
Carex_pendula,OZ060217.1,3145,32,154,2991,4.8125,5,90.63636363636364,92
Carex_pendula,OZ060218.1,2952,34,166,2786,4.882352941176471,5,79.6,86
Carex_pendula,OZ060219.1,2816,34,187,2629,5.5,6,75.11428571428571,82
Carex_pendula,OZ060220.1,2658,25,116,2542,4.64,5,97.76923076923077,114
Carex_pendula,OZ060221.1,2621,24,121,2500,5.041666666666667,5,100,101
Carex_pendula,OZ060222.1,2605,25,122,2483,4.88,5,95.5,91.5
Carex_pendula,OZ060223.1,2514,20,91,2423,4.55,4,115.38095238095238,101
Carex_pendula,OZ060224.1,2464,27,125,2339,4.62962963,5,83.53571428571429,100
Carex_pendula,OZ060225.1,2365,23,101,2264,4.391304347826087,5,94.33333333333333,85.5
Carex_pendula,OZ060226.1,2364,24,106,2258,4.416666666666667,5,90.32,80
Carex_pendula,OZ060227.1,2200,24,98,2102,4.083333333333333,4,84.08,81
Carex_pendula,OZ060228.1,2160,23,103,2057,4.478260869565218,5,85.70833333333333,95
Carex_pendula,OZ060229.1,2147,28,124,2023,4.428571428571429,5,69.75862068965517,72
Carex_pendula,OZ060230.1,2053,17,87,1966,5.117647058823529,4,109.22222222222223,118
Carex_pendula,OZ060231.1,1984,16,70,1914,4.375,4,112.58823529411765,132
Carex_pendula,OZ060232.1,1971,21,94,1877,4.476190476190476,4,85.31818181818181,84
Carex_pendula,OZ060233.1,1839,20,101,1738,5.05,5,82.76190476190476,85
Carex_pendula,OZ060234.1,1825,16,78,1747,4.875,5,102.76470588235294,106
Carex_pendula,OZ060235.1,1635,13,49,1586,3.769230769230769,3,113.28571428571429,91
Carex_pendula,OZ060236.1,1608,14,84,1524,6,6,101.6,116
Carex_pendula,OZ060237.1,1553,18,85,1468,4.722222222222222,4.5,77.26315789473684,79
Carex_pendula,OZ060238.1,1515,15,60,1455,4,4,90.9375,100
Carex_pendula,OZ060239.1,1495,13,51,1444,3.923076923076923,4,103.14285714285714,118.5
Carex_pendula,OZ060240.1,1455,13,77,1378,5.923076923076923,6,98.42857142857143,83
Carex_pendula,OZ060241.1,1441,17,76,1365,4.470588235294118,5,75.83333333333333,79.5
Carex_pendula,OZ060242.1,1438,12,59,1379,4.916666666666667,4.5,106.07692307692308,108
Carex_rostrata,OZ060077.1,4151,35,128,4023,3.657142857142857,4,111.75,129
Carex_rostrata,OZ060078.1,3709,26,112,3597,4.3076923076923075,4,133.22222222222223,129
Carex_rostrata,OZ060079.1,3270,32,128,3142,4,4,95.21212121212122,101
Carex_rostrata,OZ060080.1,3058,29,116,2942,4,4,98.06666666666666,104.5
Carex_rostrata,OZ060081.1,3057,14,49,3008,3.5,3,200.53333333333333,172
Carex_rostrata,OZ060082.1,2962,18,64,2898,3.5555555555555554,4,152.52631578947367,162
Carex_rostrata,OZ060083.1,2947,18,77,2870,4.277777777777778,4.5,151.05263157894737,127
Carex_rostrata,OZ060084.1,2928,27,112,2816,4.148148148148148,4,100.57142857142857,105.5
Carex_rostrata,OZ060085.1,2788,26,112,2676,4.3076923076923075,4,99.11111111111111,108
Carex_rostrata,OZ060086.1,2764,15,64,2700,4.266666666666667,4,168.75,155.5
Carex_rostrata,OZ060087.1,2745,21,93,2652,4.428571428571429,5,120.54545454545455,114
Carex_rostrata,OZ060088.1,2673,21,92,2581,4.380952380952381,4,117.31818181818181,127
Carex_rostrata,OZ060089.1,2506,16,63,2443,3.9375,4,143.7058823529412,156
Carex_rostrata,OZ060090.1,2164,24,92,2072,3.8333333333333335,4,82.88,95
Carex_rostrata,OZ060091.1,2127,19,81,2046,4.2631578947368425,4,102.3,113
Carex_rostrata,OZ060092.1,2113,17,68,2045,4,4,113.61111111111111,123
Carex_rostrata,OZ060093.1,2111,17,70,2041,4.117647058823529,4,113.38888888888889,112.5
Carex_rostrata,OZ060094.1,1992,20,77,1915,3.85,4,91.19047619047619,103
Carex_rostrata,OZ060095.1,1929,17,66,1863,3.8823529411764706,4,103.5,100
Carex_rostrata,OZ060096.1,1878,11,40,1838,3.6363636363636362,4,153.16666666666666,155.5
Carex_rostrata,OZ060097.1,1792,11,41,1751,3.727272727272727,4,145.91666666666666,173
Carex_rostrata,OZ060098.1,1774,12,46,1728,3.8333333333333335,4,132.92307692307693,123
Carex_rostrata,OZ060099.1,1744,15,52,1692,3.466666666666667,3,105.75,117.5
Carex_rostrata,OZ060100.1,1736,13,54,1682,4.153846153846154,4,120.14285714285714,116.5
Carex_rostrata,OZ060101.1,1644,12,46,1598,3.8333333333333335,4,122.92307692307692,120
Carex_rostrata,OZ060102.1,1539,11,35,1504,3.1818181818181817,3,125.33333333333333,142
Carex_rostrata,OZ060103.1,1520,8,24,1496,3,3.5,166.22222222222223,115
Carex_rostrata,OZ060104.1,1458,6,29,1429,4.833333333333333,5,204.14285714285714,192
Carex_rostrata,OZ060105.1,1402,2,5,1397,2.5,2.5,465.6666666666667,409
Carex_rostrata,OZ060106.1,1307,6,24,1283,4,4,183.28571428571428,193
Carex_rostrata,OZ060107.1,1259,12,30,1229,2.5,2,94.53846153846153,49
Carex_rostrata,OZ060108.1,1147,3,11,1136,3.6666666666666665,4,284,242.5
Carex_rostrata,OZ060109.1,1087,4,17,1070,4.25,4,214,130
Carex_rostrata,OZ060110.1,1006,5,19,987,3.8,4,164.5,163.5
Carex_rostrata,OZ060111.1,938,1,6,932,6,6,466,466
Luzula_pallescens,OZ187629.1,14762,234,4165,10597,17.799145299145298,2,45.09361702127659,36
Luzula_pallescens,OZ187630.1,12017,180,2662,9355,14.78888888888889,2,51.68508287292818,37
Luzula_pallescens,OZ187631.1,11916,157,2855,9061,18.18471337579618,3,57.348101265822784,43
Luzula_pallescens,OZ187632.1,10616,151,2647,7969,17.52980132450331,3,52.42763157894737,35
Luzula_pallescens,OZ187633.1,10043,107,2490,7553,23.27102803738318,3,69.93518518518519,51.5
Luzula_pallescens,OZ187634.1,8181,139,2094,6087,15.06474820143885,3,43.47857142857143,30.5
Carex_caryophyllea,OZ202074.1,4994,22,89,4905,4.045454545454546,3.5,213.2608695652174,116
Carex_caryophyllea,OZ202075.1,4919,22,94,4825,4.2727272727272725,4.5,209.7826086956522,169
Carex_caryophyllea,OZ202076.1,4768,33,161,4607,4.878787878787879,5,135.5,131.5
Carex_caryophyllea,OZ202077.1,4728,36,158,4570,4.388888888888889,4,123.51351351351352,114
Carex_caryophyllea,OZ202078.1,4129,34,153,3976,4.5,4,113.6,101
Carex_caryophyllea,OZ202079.1,4060,43,198,3862,4.604651162790698,5,87.77272727272727,101
Carex_caryophyllea,OZ202080.1,4044,14,53,3991,3.7857142857142856,4,266.06666666666666,198
Carex_caryophyllea,OZ202081.1,4039,34,143,3896,4.205882352941177,4.5,111.31428571428572,110
Carex_caryophyllea,OZ202082.1,3874,13,50,3824,3.8461538461538463,4,273.14285714285717,192.5
Carex_caryophyllea,OZ202083.1,3557,28,133,3424,4.75,5,118.06896551724138,113
Carex_caryophyllea,OZ202084.1,3232,34,119,3113,3.5,3.5,88.94285714285714,62
Carex_caryophyllea,OZ202085.1,3099,12,35,3064,2.9166666666666665,3,235.69230769230768,26
Carex_caryophyllea,OZ202086.1,3078,28,121,2957,4.321428571428571,5,101.96551724137932,119
Carex_caryophyllea,OZ202087.1,3060,26,102,2958,3.923076923076923,4,109.55555555555556,120
Carex_caryophyllea,OZ202088.1,2888,30,165,2723,5.5,5,87.83870967741936,90
Carex_caryophyllea,OZ202089.1,2848,15,65,2783,4.333333333333333,5,173.9375,161
Carex_caryophyllea,OZ202090.1,2780,14,56,2724,4,4,181.6,173
Carex_caryophyllea,OZ202091.1,2757,11,35,2722,3.1818181818181817,2,226.83333333333334,245.5
Carex_caryophyllea,OZ202092.1,2726,17,71,2655,4.176470588235294,4,147.5,103
Carex_caryophyllea,OZ202093.1,2672,18,85,2587,4.722222222222222,5,136.1578947368421,126
Carex_caryophyllea,OZ202094.1,2653,25,102,2551,4.08,4,98.11538461538461,118
Carex_caryophyllea,OZ202095.1,2613,21,100,2513,4.761904761904762,5,114.22727272727273,110.5
Carex_caryophyllea,OZ202096.1,2587,29,118,2469,4.068965517241379,4,82.3,81.5
Carex_caryophyllea,OZ202097.1,2556,22,102,2454,4.636363636363637,5,106.69565217391305,73
Carex_caryophyllea,OZ202098.1,2531,25,75,2456,3,3,94.46153846153847,110
Carex_caryophyllea,OZ202099.1,2451,13,58,2393,4.461538461538462,4,170.92857142857142,169
Carex_caryophyllea,OZ202100.1,2376,22,110,2266,5,4.5,98.52173913043478,74
Carex_caryophyllea,OZ202101.1,2327,15,68,2259,4.533333333333333,5,141.1875,131.5
Carex_caryophyllea,OZ202102.1,2275,14,63,2212,4.5,4.5,147.46666666666667,120
Carex_caryophyllea,OZ202103.1,2230,10,30,2200,3,2,200,119
Carex_caryophyllea,OZ202104.1,2217,16,56,2161,3.5,3,127.11764705882354,137
Carex_caryophyllea,OZ202105.1,2111,24,80,2031,3.3333333333333335,3,81.24,44
Carex_caryophyllea,OZ202106.1,2089,4,23,2066,5.75,6,413.2,401
Carex_caryophyllea,OZ202107.1,2033,16,75,1958,4.6875,5,115.17647058823529,101
Carex_sylvatica,OZ060149.1,4217,40,165,4052,4.125,4,98.82926829268293,101
Carex_sylvatica,OZ060150.1,3474,18,67,3407,3.7222222222222223,4,179.31578947368422,172
Carex_sylvatica,OZ060151.1,3446,26,79,3367,3.0384615384615383,3,124.70370370370371,126
Carex_sylvatica,OZ060152.1,3235,22,92,3143,4.181818181818182,4,136.65217391304347,140
Carex_sylvatica,OZ060153.1,3130,19,70,3060,3.6842105263157894,3,153,134.5
Carex_sylvatica,OZ060154.1,2958,24,97,2861,4.041666666666667,4,114.44,139
Carex_sylvatica,OZ060155.1,2924,28,109,2815,3.892857142857143,3.5,97.06896551724138,112
Carex_sylvatica,OZ060156.1,2915,33,111,2804,3.3636363636363638,4,82.47058823529412,83
Carex_sylvatica,OZ060157.1,2873,24,80,2793,3.3333333333333335,3.5,111.72,96
Carex_sylvatica,OZ060158.1,2846,24,88,2758,3.6666666666666665,4,110.32,119
Carex_sylvatica,OZ060159.1,2814,21,69,2745,3.2857142857142856,4,124.77272727272727,135.5
Carex_sylvatica,OZ060160.1,2763,30,132,2631,4.4,4,84.87096774193549,96
Carex_sylvatica,OZ060161.1,2660,18,62,2598,3.4444444444444446,3,136.73684210526315,130
Carex_sylvatica,OZ060162.1,2623,12,48,2575,4,3.5,198.07692307692307,186
Carex_sylvatica,OZ060163.1,2515,25,79,2436,3.16,3,93.69230769,82
Carex_sylvatica,OZ060164.1,2502,22,73,2429,3.3181818181818183,3,105.6086956521739,133
Carex_sylvatica,OZ060165.1,2500,19,75,2425,3.9473684210526314,3,121.25,122
Carex_sylvatica,OZ060166.1,2196,24,91,2105,3.7916666666666665,4,84.2,87
Carex_sylvatica,OZ060167.1,2143,17,59,2084,3.4705882352941178,3,115.77777777777777,137.5
Carex_sylvatica,OZ060168.1,2028,15,56,1972,3.7333333333333334,3,123.25,96
Carex_sylvatica,OZ060169.1,2024,17,62,1962,3.6470588235294117,4,109,131
Carex_sylvatica,OZ060170.1,1991,15,52,1939,3.466666666666667,3,121.1875,98.5
Carex_sylvatica,OZ060171.1,1874,11,46,1828,4.181818181818182,4,152.33333333333334,147
Carex_sylvatica,OZ060172.1,1841,13,47,1794,3.6153846153846154,4,128.14285714285714,142.5
Carex_sylvatica,OZ060173.1,1806,16,50,1756,3.125,2,103.29411764705883,94
Carex_sylvatica,OZ060174.1,1687,17,61,1626,3.588235294117647,4,90.33333333333333,92
Carex_sylvatica,OZ060175.1,1535,5,29,1506,5.8,6,251,258
Carex_sylvatica,OZ060176.1,1510,11,25,1485,2.272727272727273,2,123.75,151
Carex_sylvatica,OZ060177.1,1474,5,12,1462,2.4,2,243.66666666666666,229.5
Eriophorum_vaginatum,OZ241426.1,3446,31,239,3207,7.709677419354839,6,100.21875,64.5
Eriophorum_vaginatum,OZ241427.1,3283,27,137,3146,5.074074074074074,4,112.35714285714286,111
Eriophorum_vaginatum,OZ241428.1,3274,23,123,3151,5.3478260869565215,4,131.29166666666666,111.5
Eriophorum_vaginatum,OZ241429.1,3245,18,74,3171,4.111111111111111,3.5,166.89473684210526,145
Eriophorum_vaginatum,OZ241430.1,3041,28,160,2881,5.714285714285714,5.5,99.34482758620689,31
Eriophorum_vaginatum,OZ241431.1,2914,38,212,2702,5.578947368421052,4.5,69.28205128205128,49
Eriophorum_vaginatum,OZ241432.1,2776,27,154,2622,5.703703703703703,5,93.64285714285714,72.5
Eriophorum_vaginatum,OZ241433.1,2763,19,116,2647,6.105263157894737,4,132.35,115
Eriophorum_vaginatum,OZ241434.1,2714,23,188,2526,8.173913043478262,7,105.25,48.5
Eriophorum_vaginatum,OZ241435.1,2737,20,96,2641,4.8,4,125.76190476190476,89
Eriophorum_vaginatum,OZ241436.1,2697,32,160,2537,5,5,76.87878787878788,71
Eriophorum_vaginatum,OZ241437.1,2546,18,90,2456,5,5,129.26315789473685,91
Eriophorum_vaginatum,OZ241438.1,2509,27,199,2310,7.37037037,6,82.5,92
Eriophorum_vaginatum,OZ241439.1,2508,21,131,2377,6.238095238095238,6,108.04545454545455,109.5
Eriophorum_vaginatum,OZ241440.1,2486,26,172,2314,6.615384615384615,5,85.70370370370371,89
Eriophorum_vaginatum,OZ241441.1,2442,25,128,2314,5.12,5,89,95.5
Eriophorum_vaginatum,OZ241442.1,2416,19,130,2286,6.842105263157895,6,114.3,109
Eriophorum_vaginatum,OZ241443.1,2345,20,102,2243,5.1,5,106.80952380952381,80
Eriophorum_vaginatum,OZ241444.1,2330,26,189,2141,7.269230769230769,5,79.29629629629629,79
Eriophorum_vaginatum,OZ241445.1,2322,28,161,2161,5.75,5,74.51724137931035,79
Eriophorum_vaginatum,OZ241446.1,2312,17,93,2219,5.470588235294118,5,123.27777777777777,131.5
Eriophorum_vaginatum,OZ241447.1,2300,39,290,2010,7.435897435897436,6,50.25,49.5
Eriophorum_vaginatum,OZ241448.1,2293,23,138,2155,6,5,89.79166666666667,71.5
Eriophorum_vaginatum,OZ241449.1,2267,27,175,2092,6.481481481481482,5,74.71428571428571,60.5
Eriophorum_vaginatum,OZ241450.1,2251,20,138,2113,6.9,6,100.61904761904762,74
Eriophorum_vaginatum,OZ241451.1,2208,20,115,2093,5.75,5,99.66666666666667,97
Eriophorum_vaginatum,OZ241452.1,2165,30,275,1890,9.166666666666666,6,60.96774193548387,55
Eriophorum_vaginatum,OZ241453.1,2163,23,164,1999,7.130434782608695,6,83.29166666666667,74.5
Eriophorum_vaginatum,OZ241454.1,2137,51,322,1815,6.313725490196078,6,34.90384615384615,9
Carex_arenaria,OZ060117.1,9157,24,519,8638,21.625,7,345.52,328
Carex_arenaria,OZ060118.1,7085,25,335,6750,13.4,7,259.61538461538464,243.5
Carex_arenaria,OZ060119.1,2998,11,80,2918,7.2727272727272725,7,243.16666666666666,221.5
Carex_arenaria,OZ060120.1,2755,11,63,2692,5.7272727272727275,6,224.33333333333334,200.5
Carex_arenaria,OZ060121.1,2747,13,103,2644,7.923076923076923,8,188.85714285714286,192.5
Carex_arenaria,OZ060122.1,2731,14,124,2607,8.857142857142858,6.5,173.8,165
Carex_arenaria,OZ060123.1,2518,10,125,2393,12.5,6,217.54545454545453,170
Carex_arenaria,OZ060124.1,2512,10,67,2445,6.7,7,222.27272727272728,242
Carex_arenaria,OZ060125.1,2492,11,68,2424,6.181818181818182,6,202,200
Carex_arenaria,OZ060126.1,2452,12,59,2393,4.916666666666667,4,184.07692307692307,159
Carex_arenaria,OZ060127.1,2428,13,98,2330,7.538461538461538,6,166.42857142857142,190.5
Carex_arenaria,OZ060128.1,2420,9,165,2255,18.333333333333332,6,225.5,266
Carex_arenaria,OZ060129.1,2325,7,50,2275,7.142857142857143,7,284.375,284
Carex_arenaria,OZ060130.1,2238,11,49,2189,4.454545454545454,5,182.41666666666666,202
Carex_arenaria,OZ060131.1,2200,11,65,2135,5.909090909090909,6,177.91666666666666,189.5
Carex_arenaria,OZ060132.1,2138,10,70,2068,7,7,188,176
Carex_arenaria,OZ060133.1,2055,11,63,1992,5.7272727272727275,5,166,192.5
Carex_arenaria,OZ060134.1,1939,10,52,1887,5.2,5,171.54545454545453,200
Carex_arenaria,OZ060135.1,1934,7,52,1882,7.428571428571429,7,235.25,240.5
Carex_arenaria,OZ060136.1,1930,8,49,1881,6.125,5.5,209,248
Carex_arenaria,OZ060137.1,1834,7,53,1781,7.571428571428571,6,222.625,209.5
Carex_arenaria,OZ060138.1,1805,10,56,1749,5.6,5,159,141
Carex_arenaria,OZ060139.1,1674,8,38,1636,4.75,5,181.77777777777777,233
Carex_arenaria,OZ060140.1,1609,7,43,1566,6.142857142857143,6,195.75,144.5
Carex_arenaria,OZ060141.1,1578,6,30,1548,5,4.5,221.14285714285714,228
Carex_arenaria,OZ060142.1,1520,6,41,1479,6.833333333333333,5.5,211.28571428571428,193
Carex_arenaria,OZ060143.1,1284,8,40,1244,5,4.5,138.22222222222223,139
Cyperus_fuscus,OZ210599.1,2552,1,7,2545,7,7,1272.5,1272.5
Cyperus_fuscus,OZ210600.1,3505,9,47,3458,5.222222222222222,5,345.8,228.5
Cyperus_fuscus,OZ210601.1,3301,10,78,3223,7.8,8,293,186
Cyperus_fuscus,OZ210602.1,3265,7,38,3227,5.428571428571429,5,403.375,87.5
Cyperus_fuscus,OZ210603.1,3239,6,29,3210,4.833333333333333,3,458.57142857142856,108
Cyperus_fuscus,OZ210604.1,2788,6,23,2765,3.8333333333333335,3,395,6
Cyperus_fuscus,OZ210605.1,2782,10,69,2713,6.9,6,246.63636363636363,161
Cyperus_fuscus,OZ210606.1,2757,4,31,2726,7.75,8,545.2,659
Cyperus_fuscus,OZ210607.1,2366,3,10,2356,3.3333333333333335,3,589,305.5
Cyperus_fuscus,OZ210608.1,2189,2,12,2177,6,6,725.6666666666666,1
Cyperus_fuscus,OZ210609.1,2127,4,17,2110,4.25,4.5,422,208
Cyperus_fuscus,OZ210610.1,2124,2,3,2121,1.5,1.5,707,434
Cyperus_fuscus,OZ210611.1,2110,0,0,2110,0,0,2110,2110
Cyperus_fuscus,OZ210612.1,2110,0,0,2110,0,0,2110,2110
Cyperus_fuscus,OZ210613.1,1955,3,15,1940,5,5,485,339.5
Cyperus_fuscus,OZ210614.1,1888,1,2,1886,2,2,943,943
Cyperus_fuscus,OZ210615.1,1727,0,0,1727,0,0,1727,1727
Cyperus_fuscus,OZ210616.1,1617,0,0,1617,0,0,1617,1617
x_Bolboschoenoplectus_mariqueter,CM075233.1,1423,6,51,1372,8.5,3,196,104
x_Bolboschoenoplectus_mariqueter,CM075234.1,1152,8,36,1116,4.5,2.5,124,17
x_Bolboschoenoplectus_mariqueter,CM075235.1,1095,7,21,1074,3,1,134.25,35.5
x_Bolboschoenoplectus_mariqueter,CM075236.1,1091,8,301,790,37.625,2.5,87.77777777777777,16
x_Bolboschoenoplectus_mariqueter,CM075237.1,1053,11,54,999,4.909090909090909,2,83.25,27
x_Bolboschoenoplectus_mariqueter,CM075238.1,1005,12,123,882,10.25,2,67.84615384615384,23
x_Bolboschoenoplectus_mariqueter,CM075239.1,995,5,22,973,4.4,3,162.16666666666666,161
x_Bolboschoenoplectus_mariqueter,CM075240.1,956,5,47,909,9.4,2,151.5,134
x_Bolboschoenoplectus_mariqueter,CM075241.1,910,5,11,899,2.2,2,149.83333333333334,86
x_Bolboschoenoplectus_mariqueter,CM075242.1,903,5,22,881,4.4,4,146.83333333333334,115.5
x_Bolboschoenoplectus_mariqueter,CM075243.1,889,6,62,827,10.333333333333334,2,118.14285714285714,151
x_Bolboschoenoplectus_mariqueter,CM075244.1,879,7,19,860,2.7142857142857144,3,107.5,99.5
x_Bolboschoenoplectus_mariqueter,CM075245.1,872,5,12,860,2.4,3,143.33333333333334,103
x_Bolboschoenoplectus_mariqueter,CM075246.1,852,6,17,835,2.8333333333333335,2,119.28571428571429,114
x_Bolboschoenoplectus_mariqueter,CM075247.1,839,8,22,817,2.75,2,90.77777777777777,105
x_Bolboschoenoplectus_mariqueter,CM075248.1,838,5,10,828,2,2,138,113
x_Bolboschoenoplectus_mariqueter,CM075249.1,838,11,38,800,3.4545454545454546,1,66.66666666666667,32.5
x_Bolboschoenoplectus_mariqueter,CM075250.1,835,8,18,817,2.25,2.5,90.77777777777777,90
x_Bolboschoenoplectus_mariqueter,CM075251.1,833,7,16,817,2.2857142857142856,2,102.125,109.5
x_Bolboschoenoplectus_mariqueter,CM075252.1,832,3,9,823,3,3,205.75,161.5
x_Bolboschoenoplectus_mariqueter,CM075253.1,832,3,16,816,5.333333333333333,3,204,168.5
x_Bolboschoenoplectus_mariqueter,CM075254.1,829,4,12,817,3,2.5,163.4,190
x_Bolboschoenoplectus_mariqueter,CM075255.1,828,4,12,816,3,3,163.2,163
x_Bolboschoenoplectus_mariqueter,CM075256.1,816,4,10,806,2.5,2.5,161.2,138
x_Bolboschoenoplectus_mariqueter,CM075257.1,815,5,11,804,2.2,2,134,117.5
x_Bolboschoenoplectus_mariqueter,CM075258.1,801,8,15,786,1.875,2,87.33333333333333,113
x_Bolboschoenoplectus_mariqueter,CM075259.1,792,4,10,782,2.5,2.5,156.4,137
x_Bolboschoenoplectus_mariqueter,CM075260.1,785,6,11,774,1.8333333333333333,2,110.57142857142857,120
x_Bolboschoenoplectus_mariqueter,CM075261.1,778,3,8,770,2.6666666666666665,3,192.5,217.5
x_Bolboschoenoplectus_mariqueter,CM075262.1,777,4,19,758,4.75,3,151.6,167
x_Bolboschoenoplectus_mariqueter,CM075263.1,765,6,11,754,1.8333333333333333,1.5,107.71428571428571,98
x_Bolboschoenoplectus_mariqueter,CM075264.1,763,4,10,753,2.5,2.5,150.6,98
x_Bolboschoenoplectus_mariqueter,CM075265.1,749,9,13,736,1.4444444444444444,1,73.6,2.5
x_Bolboschoenoplectus_mariqueter,CM075266.1,743,2,19,724,9.5,9.5,241.33333333333334,359
x_Bolboschoenoplectus_mariqueter,CM075267.1,743,3,6,737,2,2,184.25,207
x_Bolboschoenoplectus_mariqueter,CM075268.1,734,7,13,721,1.8571428571428572,1,90.125,67.5
x_Bolboschoenoplectus_mariqueter,CM075269.1,732,9,19,713,2.111111111111111,1,71.3,44.5
x_Bolboschoenoplectus_mariqueter,CM075270.1,724,5,12,712,2.4,2,118.66666666666667,115.5
x_Bolboschoenoplectus_mariqueter,CM075271.1,711,4,15,696,3.75,3,139.2,107
x_Bolboschoenoplectus_mariqueter,CM075272.1,704,7,12,692,1.7142857142857142,1,86.5,47.5
x_Bolboschoenoplectus_mariqueter,CM075273.1,697,8,45,652,5.625,2,72.44444444444444,72
x_Bolboschoenoplectus_mariqueter,CM075274.1,694,4,7,687,1.75,2,137.4,134
x_Bolboschoenoplectus_mariqueter,CM075275.1,694,4,7,687,1.75,1.5,137.4,128
x_Bolboschoenoplectus_mariqueter,CM075276.1,693,4,19,674,4.75,3.5,134.8,210
x_Bolboschoenoplectus_mariqueter,CM075277.1,684,6,8,676,1.3333333333333333,1,96.57142857142857,102
x_Bolboschoenoplectus_mariqueter,CM075278.1,673,4,9,664,2.25,2,132.8,110
x_Bolboschoenoplectus_mariqueter,CM075279.1,669,5,11,658,2.2,2,109.66666666666667,89.5
x_Bolboschoenoplectus_mariqueter,CM075280.1,666,6,9,657,1.5,1.5,93.85714285714286,87
x_Bolboschoenoplectus_mariqueter,CM075281.1,666,5,75,591,15,2,98.5,93
x_Bolboschoenoplectus_mariqueter,CM075282.1,666,6,17,649,2.8333333333333335,2,92.71428571428571,90
x_Bolboschoenoplectus_mariqueter,CM075283.1,643,3,5,638,1.6666666666666667,2,159.5,84.5
x_Bolboschoenoplectus_mariqueter,CM075284.1,642,5,9,633,1.8,2,105.5,106.5
x_Bolboschoenoplectus_mariqueter,CM075285.1,594,4,10,584,2.5,2,116.8,3
x_Bolboschoenoplectus_mariqueter,CM075286.1,572,4,18,554,4.5,2,110.8,5
Carex_elata,OZ253276.1,4362,24,131,4231,5.458333333333333,5,169.24,112
Carex_elata,OZ253277.1,3886,24,148,3738,6.166666666666667,5.5,149.52,176
Carex_elata,OZ253278.1,3154,29,137,3017,4.724137931034483,4,100.56666666666666,118
Carex_elata,OZ253279.1,3025,30,153,2872,5.1,5,92.64516129032258,86
Carex_elata,OZ253280.1,2893,28,141,2752,5.035714285714286,5,94.89655172413794,90
Carex_elata,OZ253281.1,2822,10,51,2771,5.1,5,251.9090909090909,199
Carex_elata,OZ253282.1,2726,15,109,2617,7.266666666666667,5,163.5625,170.5
Carex_elata,OZ253283.1,2601,15,97,2504,6.466666666666667,7,156.5,163
Carex_elata,OZ253284.1,2594,30,136,2458,4.533333333333333,4.5,79.29032258064517,88
Carex_elata,OZ253285.1,2472,17,69,2403,4.0588235294117645,4,133.5,165.5
Carex_elata,OZ253286.1,2394,8,57,2337,7.125,5,259.6666666666667,315
Carex_elata,OZ253287.1,2297,15,80,2217,5.333333333333333,5,138.5625,135
Carex_elata,OZ253288.1,2274,12,72,2202,6,6,169.3846153846154,170
Carex_elata,OZ253289.1,2243,29,138,2105,4.758620689655173,4,70.16666666666667,67.5
Carex_elata,OZ253290.1,2137,15,81,2056,5.4,6,128.5,118.5
Carex_elata,OZ253291.1,2136,15,69,2067,4.6,4,129.1875,92.5
Carex_elata,OZ253292.1,2110,21,94,2016,4.476190476190476,4,91.63636363636364,78.5
Carex_elata,OZ253293.1,2099,17,95,2004,5.588235294117647,5,111.33333333333333,96.5
Carex_elata,OZ253294.1,2035,17,75,1960,4.411764705882353,4,108.88888888888889,113.5
Carex_elata,OZ253295.1,2025,16,73,1952,4.5625,4.5,114.82352941176471,123
Carex_elata,OZ253296.1,1948,14,73,1875,5.214285714285714,4,125,130
Carex_elata,OZ253297.1,1947,13,63,1884,4.846153846153846,5,134.57142857142858,134
Carex_elata,OZ253298.1,1835,10,54,1781,5.4,5,161.9090909090909,131
Carex_elata,OZ253299.1,1773,12,45,1728,3.75,4,132.92307692307693,134
Carex_elata,OZ253300.1,1761,11,53,1708,4.818181818181818,4,142.33333333333334,112
Carex_elata,OZ253301.1,1739,16,82,1657,5.125,4.5,97.47058823529412,112
Carex_elata,OZ253302.1,1601,8,26,1575,3.25,2.5,175,109
Carex_elata,OZ253303.1,1580,7,31,1549,4.428571428571429,4,193.625,211.5
Carex_elata,OZ253304.1,1554,8,37,1517,4.625,5,168.55555555555554,207
Carex_elata,OZ253305.1,1516,11,67,1449,6.090909090909091,7,120.75,123
Carex_elata,OZ253306.1,1495,6,26,1469,4.333333333333333,4,209.85714285714286,163
Carex_elata,OZ253307.1,1466,1,4,1462,4,4,731,731
Carex_elata,OZ253308.1,1439,9,43,1396,4.777777777777778,5,139.6,175
Carex_elata,OZ253309.1,1432,3,6,1426,2,1,356.5,335
Carex_elata,OZ253310.1,1411,10,58,1353,5.8,6,123,111
Carex_elata,OZ253311.1,1388,5,16,1372,3.2,3,228.66666666666666,151
Carex_elata,OZ253312.1,1178,3,7,1171,2.3333333333333335,3,292.75,248
Carex_elata,OZ253313.1,1086,3,12,1074,4,5,268.5,182.5
Carex_elata,OZ253314.1,553,3,9,544,3,3,136,30
Carex_elata,OZ253315.1,553,2,8,545,4,4,181.66666666666666,18
Trichophorum_cespitosum,OZ238269.1,1913,5,9,1904,1.8,2,317.3333333333333,275
Trichophorum_cespitosum,OZ238270.1,1889,22,45,1844,2.0454545454545454,1,80.17391304347827,89
Trichophorum_cespitosum,OZ238271.1,1824,16,22,1802,1.375,1,106,32
Trichophorum_cespitosum,OZ238272.1,1776,5,8,1768,1.6,1,294.6666666666667,165
Trichophorum_cespitosum,OZ238273.1,1645,17,51,1594,3,2,88.55555555555556,24.5
Trichophorum_cespitosum,OZ238274.1,1572,14,24,1548,1.7142857142857142,1.5,103.2,69
Trichophorum_cespitosum,OZ238275.1,1568,13,22,1546,1.6923076923076923,1,110.42857142857143,104.5
Trichophorum_cespitosum,OZ238276.1,1561,4,8,1553,2,2,310.6,260
Trichophorum_cespitosum,OZ238277.1,1549,7,15,1534,2.142857142857143,1,191.75,138
Trichophorum_cespitosum,OZ238278.1,1535,12,23,1512,1.9166666666666667,1.5,116.3076923076923,100
Trichophorum_cespitosum,OZ238279.1,1520,7,15,1505,2.142857142857143,2,188.125,159
Trichophorum_cespitosum,OZ238280.1,1488,4,5,1483,1.25,1,296.6,126
Trichophorum_cespitosum,OZ238281.1,1456,9,14,1442,1.5555555555555556,1,144.2,82
Trichophorum_cespitosum,OZ238282.1,1422,5,7,1415,1.4,1,235.83333333333334,171
Trichophorum_cespitosum,OZ238283.1,1412,11,21,1391,1.9090909090909092,2,115.91666666666667,99
Trichophorum_cespitosum,OZ238284.1,1411,7,15,1396,2.142857142857143,2,174.5,123
Trichophorum_cespitosum,OZ238285.1,1408,13,22,1386,1.6923076923076923,1,99,81
Trichophorum_cespitosum,OZ238286.1,1408,19,31,1377,1.631578947368421,1,68.85,36
Trichophorum_cespitosum,OZ238287.1,1381,10,13,1368,1.3,1,124.36363636363636,95
Trichophorum_cespitosum,OZ238288.1,1369,5,6,1363,1.2,1,227.16666666666666,132
Trichophorum_cespitosum,OZ238289.1,1344,4,4,1340,1,1,268,239
Trichophorum_cespitosum,OZ238290.1,1293,8,13,1280,1.625,2,142.22222222222223,102
Trichophorum_cespitosum,OZ238291.1,1284,9,13,1271,1.4444444444444444,1,127.1,125
Trichophorum_cespitosum,OZ238292.1,1281,4,8,1273,2,2,254.6,153
Trichophorum_cespitosum,OZ238293.1,1280,8,13,1267,1.625,1,140.77777777777777,149
Trichophorum_cespitosum,OZ238294.1,1253,8,16,1237,2,2,137.44444444444446,50
Trichophorum_cespitosum,OZ238295.1,1234,7,9,1225,1.2857142857142858,1,153.125,93
Trichophorum_cespitosum,OZ238296.1,1226,10,16,1210,1.6,1,110,95
Trichophorum_cespitosum,OZ238297.1,1169,9,18,1151,2,2,115.1,59.5
Trichophorum_cespitosum,OZ238298.1,1169,4,6,1163,1.5,1.5,232.6,158
Trichophorum_cespitosum,OZ238299.1,1168,5,8,1160,1.6,1,193.33333333333334,190.5
Trichophorum_cespitosum,OZ238300.1,1128,9,17,1111,1.8888888888888888,2,111.1,87.5
Trichophorum_cespitosum,OZ238301.1,1119,6,9,1110,1.5,1,158.57142857142858,140
Trichophorum_cespitosum,OZ238302.1,1095,5,8,1087,1.6,1,181.16666666666666,147
Trichophorum_cespitosum,OZ238303.1,1095,7,14,1081,2,2,135.125,148.5
Trichophorum_cespitosum,OZ238304.1,1075,7,9,1066,1.2857142857142858,1,133.25,85.5
Trichophorum_cespitosum,OZ238305.1,1046,7,9,1037,1.2857142857142858,1,129.625,131.5
Trichophorum_cespitosum,OZ238306.1,955,7,8,947,1.1428571428571428,1,118.375,70
Trichophorum_cespitosum,OZ238307.1,924,1,2,922,2,2,461,461
Trichophorum_cespitosum,OZ238308.1,878,7,13,865,1.8571428571428572,2,108.125,29.5
Trichophorum_cespitosum,OZ238309.1,869,7,8,861,1.1428571428571428,1,107.625,100
Trichophorum_cespitosum,OZ238310.1,867,6,9,858,1.5,1,122.57142857142857,132
Trichophorum_cespitosum,OZ238311.1,825,6,10,815,1.6666666666666667,1,116.42857142857143,104
Trichophorum_cespitosum,OZ238312.1,824,4,5,819,1.25,1,163.8,78
Trichophorum_cespitosum,OZ238313.1,805,9,15,790,1.6666666666666667,1,79,15
Trichophorum_cespitosum,OZ238314.1,789,6,9,780,1.5,1,111.42857142857143,63
Trichophorum_cespitosum,OZ238315.1,721,2,6,715,3,3,238.33333333333334,287
Trichophorum_cespitosum,OZ238316.1,707,5,6,701,1.2,1,116.83333333333333,70
Trichophorum_cespitosum,OZ238317.1,675,6,8,667,1.3333333333333333,1,95.28571428571429,116
Trichophorum_cespitosum,OZ238318.1,673,4,8,665,2,2,133,122
Trichophorum_cespitosum,OZ238319.1,627,6,11,616,1.8333333333333333,1.5,88,51
Trichophorum_cespitosum,OZ238320.1,616,2,5,611,2.5,2.5,203.66666666666666,115
Scirpus_sylvaticus,OZ223707.1,3526,5,18,3508,3.6,4,584.6666666666666,658
Scirpus_sylvaticus,OZ223708.1,3373,7,24,3349,3.4285714285714284,4,418.625,135.5
Scirpus_sylvaticus,OZ223709.1,3161,6,26,3135,4.333333333333333,4,447.85714285714283,368
Scirpus_sylvaticus,OZ223710.1,2638,5,26,2612,5.2,5,435.3333333333333,363
Scirpus_sylvaticus,OZ223711.1,2477,6,22,2455,3.6666666666666665,3.5,350.7142857142857,186
Scirpus_sylvaticus,OZ223712.1,2457,7,22,2435,3.142857142857143,3,304.375,158
Scirpus_sylvaticus,OZ223713.1,2417,8,34,2383,4.25,4.5,264.77777777777777,173
Scirpus_sylvaticus,OZ223714.1,2376,5,21,2355,4.2,4,392.5,395
Scirpus_sylvaticus,OZ223715.1,2284,8,44,2240,5.5,5.5,248.88888888888889,234
Scirpus_sylvaticus,OZ223716.1,2250,10,43,2207,4.3,4,200.63636363636363,184
Scirpus_sylvaticus,OZ223717.1,2110,4,22,2088,5.5,5.5,417.6,417
Scirpus_sylvaticus,OZ223718.1,2063,3,10,2053,3.3333333333333335,3,513.25,493
Scirpus_sylvaticus,OZ223719.1,2036,6,22,2014,3.6666666666666665,3.5,287.7142857142857,162
Scirpus_sylvaticus,OZ223720.1,2029,3,17,2012,5.666666666666667,6,503,303
Scirpus_sylvaticus,OZ223721.1,2027,3,9,2018,3,3,504.5,284
Scirpus_sylvaticus,OZ223722.1,2013,8,35,1978,4.375,5,219.77777777777777,18
Scirpus_sylvaticus,OZ223723.1,2012,1,3,2009,3,3,1004.5,1004.5
Scirpus_sylvaticus,OZ223724.1,1991,6,19,1972,3.1666666666666665,3,281.7142857142857,266
Scirpus_sylvaticus,OZ223725.1,1944,4,15,1929,3.75,4,385.8,228
Scirpus_sylvaticus,OZ223726.1,1888,3,10,1878,3.3333333333333335,2,469.5,475
Scirpus_sylvaticus,OZ223727.1,1855,9,40,1815,4.444444444444445,4,181.5,149
Scirpus_sylvaticus,OZ223728.1,1802,4,19,1783,4.75,4.5,356.6,232
Scirpus_sylvaticus,OZ223729.1,1689,4,15,1674,3.75,4,334.8,291
Scirpus_sylvaticus,OZ223730.1,1600,9,29,1571,3.2222222222222223,3,157.1,110.5
Scirpus_sylvaticus,OZ223731.1,1564,7,29,1535,4.142857142857143,4,191.875,136.5
Scirpus_sylvaticus,OZ223732.1,1512,3,9,1503,3,4,375.75,311
Scirpus_sylvaticus,OZ223733.1,1463,3,12,1451,4,4,362.75,301.5
Scirpus_sylvaticus,OZ223734.1,1459,4,16,1443,4,4,288.6,271
Scirpus_sylvaticus,OZ223735.1,1385,4,16,1369,4,4,273.8,314
Scirpus_sylvaticus,OZ223736.1,1368,2,11,1357,5.5,5.5,452.3333333333333,295
Scirpus_sylvaticus,OZ223737.1,1363,3,12,1351,4,4,337.75,72.5
Juncus_effusus,OX326974.1,3062,21,213,2849,10.142857142857142,3,129.5,7
Juncus_effusus,OX326975.1,2965,16,650,2315,40.625,2.5,136.1764705882353,28
Juncus_effusus,OX326976.1,2731,21,837,1894,39.857142857142854,13,86.09090909,3
Juncus_effusus,OX326977.1,2645,13,157,2488,12.076923076923077,2,177.71428571428572,38
Juncus_effusus,OX326978.1,2642,29,622,2020,21.448275862068964,4,67.33333333333333,9.5
Juncus_effusus,OX326979.1,2420,11,83,2337,7.545454545454546,2,194.75,17
Juncus_effusus,OX326980.1,2357,17,232,2125,13.647058823529411,6,118.05555555555556,5
Juncus_effusus,OX326981.1,2342,14,502,1840,35.857142857142854,10,122.66666666666667,78
Juncus_effusus,OX326982.1,2323,21,228,2095,10.857142857142858,6,95.22727272727273,9.5
Juncus_effusus,OX326983.1,2262,15,84,2178,5.6,4,136.125,8
Juncus_effusus,OX326984.1,2176,9,71,2105,7.888888888888889,5,210.5,18
Juncus_effusus,OX326985.1,2107,17,193,1914,11.352941176470589,4,106.33333333333333,5.5
Juncus_effusus,OX326986.1,2086,15,309,1777,20.6,4,111.0625,10.5
Juncus_effusus,OX326987.1,2083,20,226,1857,11.3,8,88.42857142857143,9
Juncus_effusus,OX326988.1,2081,15,125,1956,8.333333333333334,4,122.25,10
Juncus_effusus,OX326989.1,2048,14,71,1977,5.071428571428571,5,131.8,4
Juncus_effusus,OX326990.1,2011,14,88,1923,6.285714285714286,3,128.2,6
Juncus_effusus,OX326991.1,1986,16,163,1823,10.1875,5.5,107.23529411764706,14
Juncus_effusus,OX326992.1,1917,10,58,1859,5.8,3.5,169,7
Juncus_effusus,OX326993.1,1819,18,98,1721,5.444444444444445,3,90.57894736842105,7
Juncus_effusus,OX326994.1,1743,10,66,1677,6.6,2.5,152.45454545454547,16
Carex_myosuroides,CM051464.1,3803,21,51,3752,2.4285714285714284,2,170.54545454545453,44.5
Carex_myosuroides,CM051465.1,3613,11,57,3556,5.181818181818182,4,296.3333333333333,254
Carex_myosuroides,CM051466.1,3679,17,35,3644,2.0588235294117645,1,202.44444444444446,155
Carex_myosuroides,CM051467.1,3366,15,31,3335,2.066666666666667,2,208.4375,143
Carex_myosuroides,CM051468.1,2939,25,92,2847,3.68,3,109.5,23
Carex_myosuroides,CM051469.1,1967,8,18,1949,2.25,1.5,216.55555555555554,173
Carex_myosuroides,CM051470.1,3165,24,45,3120,1.875,1,124.8,82
Carex_myosuroides,CM051471.1,3886,12,32,3854,2.6666666666666665,1,296.46153846153845,79
Carex_myosuroides,CM051472.1,3518,29,69,3449,2.3793103448275863,1,114.96666666666667,50.5
Carex_myosuroides,CM051473.1,2889,8,29,2860,3.625,1.5,317.77777777777777,308
Carex_myosuroides,CM051474.1,3457,21,83,3374,3.9523809523809526,2,153.36363636363637,46.5
Carex_myosuroides,CM051475.1,3195,14,19,3176,1.3571428571428572,1,211.73333333333332,195
Carex_myosuroides,CM051476.1,3086,17,25,3061,1.4705882352941178,1,170.05555555555554,122.5
Carex_myosuroides,CM051477.1,3094,17,39,3055,2.2941176470588234,2,169.72222222222223,115
Carex_myosuroides,CM051478.1,2165,13,23,2142,1.7692307692307692,1,153,71.5
Carex_myosuroides,CM051479.1,3481,12,22,3459,1.8333333333333333,1,266.0769230769231,151
Carex_myosuroides,CM051480.1,2755,14,46,2709,3.2857142857142856,3,180.6,95
Carex_myosuroides,CM051481.1,2468,9,13,2455,1.4444444444444444,1,245.5,105
Carex_myosuroides,CM051482.1,2296,10,12,2284,1.2,1,207.63636363636363,190
Carex_myosuroides,CM051483.1,2090,17,37,2053,2.176470588235294,2,114.05555555555556,74.5
Carex_myosuroides,CM051484.1,2352,7,14,2338,2,2,292.25,199
Carex_myosuroides,CM051485.1,2405,12,25,2380,2.0833333333333335,2,183.07692307692307,134
Carex_myosuroides,CM051486.1,2090,5,12,2078,2.4,1,346.3333333333333,310
Carex_myosuroides,CM051487.1,1886,7,8,1878,1.1428571428571428,1,234.75,180.5
Carex_myosuroides,CM051488.1,1952,6,10,1942,1.6666666666666667,1.5,277.42857142857144,161
Carex_myosuroides,CM051489.1,1866,8,14,1852,1.75,1.5,205.77777777777777,116
Carex_myosuroides,CM051490.1,1710,8,21,1689,2.625,2,187.66666666666666,116
Carex_myosuroides,CM051491.1,3090,18,23,3067,1.2777777777777777,1,161.42105263157896,87
Carex_myosuroides,CM051492.1,1752,6,13,1739,2.1666666666666665,2,248.42857142857142,274
Carex_echinata,OZ257360.1,3639,26,446,3193,17.153846153846153,9,118.25925925925925,136
Carex_echinata,OZ257361.1,3542,20,204,3338,10.2,7.5,158.95238095238096,164
Carex_echinata,OZ257362.1,3403,23,334,3069,14.521739130434783,8,127.875,123.5
Carex_echinata,OZ257363.1,3156,24,316,2840,13.166666666666666,7,113.6,87
Carex_echinata,OZ257364.1,3065,10,292,2773,29.2,14,252.0909090909091,218
Carex_echinata,OZ257365.1,3028,21,351,2677,16.714285714285715,7,121.68181818181819,111.5
Carex_echinata,OZ257366.1,2923,24,191,2732,7.958333333333333,7.5,109.28,100
Carex_echinata,OZ257367.1,2919,20,184,2735,9.2,7.5,130.23809523809524,128
Carex_echinata,OZ257368.1,2796,17,191,2605,11.235294117647058,8,144.72222222222223,151
Carex_echinata,OZ257369.1,2785,17,172,2613,10.117647058823529,10,145.16666666666666,172
Carex_echinata,OZ257370.1,2753,21,205,2548,9.761904761904763,9,115.81818181818181,114.5
Carex_echinata,OZ257371.1,2746,20,152,2594,7.6,6.5,123.52380952380952,126
Carex_echinata,OZ257372.1,2716,16,233,2483,14.5625,6,146.05882352941177,165
Carex_echinata,OZ257373.1,2667,25,213,2454,8.52,7,94.38461538461539,114
Carex_echinata,OZ257374.1,2656,18,216,2440,12,10,128.42105263157896,109
Carex_echinata,OZ257375.1,2607,23,247,2360,10.73913043478261,7,98.33333333333333,112
Carex_echinata,OZ257376.1,2497,19,158,2339,8.315789474,8,116.95,124
Carex_echinata,OZ257377.1,2476,23,169,2307,7.3478260869565215,7,96.125,89
Carex_echinata,OZ257378.1,2455,15,182,2273,12.133333333333333,8,142.0625,143
Carex_echinata,OZ257379.1,2445,18,123,2322,6.833333333333333,5.5,122.21052631578948,152
Carex_echinata,OZ257380.1,2381,19,176,2205,9.263157894736842,8,110.25,119.5
Carex_echinata,OZ257381.1,2373,16,136,2237,8.5,7,131.58823529411765,146
Carex_echinata,OZ257382.1,2118,12,130,1988,10.833333333333334,8.5,152.92307692307693,125
Carex_echinata,OZ257383.1,2080,16,157,1923,9.8125,7,113.11764705882354,107
Carex_echinata,OZ257384.1,1971,19,159,1812,8.368421052631579,7,90.6,74
Carex_echinata,OZ257385.1,1970,15,174,1796,11.6,7,112.25,123
Carex_echinata,OZ257386.1,1918,13,206,1712,15.846153846153847,10,122.28571428571429,133.5
Carex_echinata,OZ257387.1,1864,17,151,1713,8.882352941176471,7,95.16666666666667,78.5
Carex_echinata,OZ257388.1,1744,9,112,1632,12.444444444444445,8,163.2,163
Carex_spicata,OZ365373.1,4932,26,276,4656,10.615384615384615,5.5,172.44444444444446,8
Carex_spicata,OZ365374.1,4540,17,309,4231,18.176470588235293,5,235.05555555555554,261.5
Carex_spicata,OZ365375.1,3587,18,232,3355,12.88888888888889,7,176.57894736842104,176
Carex_spicata,OZ365376.1,3287,16,102,3185,6.375,4.5,187.35294117647058,175
Carex_spicata,OZ365377.1,3282,10,259,3023,25.9,14,274.8181818181818,202
Carex_spicata,OZ365378.1,3174,20,170,3004,8.5,7,143.04761904761904,157
Carex_spicata,OZ365379.1,3022,22,134,2888,6.090909090909091,4.5,125.56521739130434,134
Carex_spicata,OZ365380.1,3008,23,212,2796,9.217391304347826,6,116.5,122
Carex_spicata,OZ365381.1,2902,13,131,2771,10.076923076923077,6,197.92857142857142,164.5
Carex_spicata,OZ365382.1,2658,17,171,2487,10.058823529411764,7,138.16666666666666,156.5
Carex_spicata,OZ365383.1,2648,11,86,2562,7.818181818181818,7,213.5,160.5
Carex_spicata,OZ365384.1,2628,14,141,2487,10.071428571428571,6,165.8,210
Carex_spicata,OZ365385.1,2627,17,208,2419,12.235294117647058,7,134.38888888888889,129.5
Carex_spicata,OZ365386.1,2610,10,62,2548,6.2,6,231.63636363636363,194
Carex_spicata,OZ365387.1,2551,13,129,2422,9.923076923076923,10,173,191
Carex_spicata,OZ365388.1,2533,16,88,2445,5.5,5,143.8235294117647,131
Carex_spicata,OZ365389.1,2521,16,226,2295,14.125,7,135,151
Carex_spicata,OZ365390.1,2391,8,77,2314,9.625,8,257.1111111111111,227
Carex_spicata,OZ365391.1,2283,12,47,2236,3.9166666666666665,3.5,172,132
Carex_spicata,OZ365392.1,2218,9,144,2074,16,6,207.4,232
Carex_spicata,OZ365393.1,2203,8,71,2132,8.875,8,236.88888888888889,237
Carex_spicata,OZ365394.1,2175,9,53,2122,5.888888888888889,6,212.2,131
Carex_spicata,OZ365395.1,2174,11,172,2002,15.636363636363637,6,166.83333333333334,189
Carex_spicata,OZ365396.1,2124,8,109,2015,13.625,8.5,223.88888888888889,221
Carex_spicata,OZ365397.1,2084,7,120,1964,17.142857142857142,18,245.5,292
Carex_spicata,OZ365398.1,2062,10,76,1986,7.6,6,180.54545454545453,207
Carex_spicata,OZ365399.1,1856,8,126,1730,15.75,6.5,192.22222222222223,161
Carex_spicata,OZ365400.1,1575,6,47,1528,7.833333333333333,7.5,218.28571428571428,284
Carex_spicata,OZ365401.1,1341,4,40,1301,10,8,260.2,279
Carex_littledalei,CM022079.1,3935,15,42,3893,2.8,2,243.3125,225
Carex_littledalei,CM022080.1,3656,21,43,3613,2.0476190476190474,1,164.22727272727272,100.5
Carex_littledalei,CM022081.1,3410,19,34,3376,1.7894736842105263,1,168.8,145
Carex_littledalei,CM022082.1,3404,18,34,3370,1.8888888888888888,1,177.3684210526316,110
Carex_littledalei,CM022083.1,3256,24,71,3185,2.9583333333333335,1,127.4,61
Carex_littledalei,CM022084.1,3158,15,34,3124,2.2666666666666666,1,195.25,151
Carex_littledalei,CM022085.1,3093,14,26,3067,1.8571428571428572,1,204.46666666666667,140
Carex_littledalei,CM022086.1,3085,14,21,3064,1.5,1,204.26666666666668,187
Carex_littledalei,CM022087.1,3050,12,18,3032,1.5,1.5,233.23076923076923,173
Carex_littledalei,CM022088.1,3016,14,16,3000,1.1428571428571428,1,200,171
Carex_littledalei,CM022089.1,2943,16,32,2911,2,1.5,171.23529411764707,110
Carex_littledalei,CM022090.1,2922,16,23,2899,1.4375,1,170.52941176470588,136
Carex_littledalei,CM022091.1,2906,10,18,2888,1.8,1,262.54545454545456,258
Carex_littledalei,CM022092.1,2789,13,18,2771,1.3846153846153846,1,197.92857142857142,148
Carex_littledalei,CM022093.1,2696,14,17,2679,1.2142857142857142,1,178.6,151
Carex_littledalei,CM022094.1,2459,15,27,2432,1.8,1,152,141.5
Carex_littledalei,CM022095.1,2449,10,25,2424,2.5,1.5,220.36363636363637,129
Carex_littledalei,CM022096.1,2374,15,20,2354,1.3333333333333333,1,147.125,64.5
Carex_littledalei,CM022097.1,2069,6,7,2062,1.1666666666666667,1,294.57142857142856,275
Carex_littledalei,CM022098.1,1947,10,27,1920,2.7,2,174.54545454545453,176
Carex_littledalei,CM022099.1,1938,5,6,1932,1.2,1,322,377.5
Carex_littledalei,CM022100.1,1884,10,18,1866,1.8,1.5,169.63636363636363,62
Carex_littledalei,CM022101.1,1780,5,5,1775,1,1,295.8333333333333,107.5
Carex_littledalei,CM022102.1,1613,8,13,1600,1.625,1,177.77777777777777,128
Carex_littledalei,CM022103.1,1571,6,9,1562,1.5,1.5,223.14285714285714,234
Carex_littledalei,CM022104.1,1512,6,9,1503,1.5,1.5,214.71428571428572,232
Carex_littledalei,CM022105.1,1467,5,7,1460,1.4,1,243.33333333333334,184.5
Carex_littledalei,CM022106.1,1133,6,7,1126,1.1666666666666667,1,160.85714285714286,52
Carex_littledalei,CM022107.1,492,2,2,490,1,1,163.33333333333334,140
Carex_acutiformis,OZ207253.1,2964,23,112,2852,4.869565217391305,5,118.83333333333333,119
Carex_acutiformis,OZ207254.1,2813,27,138,2675,5.111111111111111,5,95.53571428571429,96
Carex_acutiformis,OZ207255.1,2788,14,74,2714,5.285714285714286,5,180.93333333333334,195
Carex_acutiformis,OZ207256.1,2753,21,93,2660,4.428571428571429,5,120.9090909090909,115
Carex_acutiformis,OZ207257.1,2443,20,84,2359,4.2,4.5,112.33333333333333,119
Carex_acutiformis,OZ207258.1,2408,18,78,2330,4.333333333333333,4.5,122.63157894736842,87
Carex_acutiformis,OZ207259.1,2362,16,78,2284,4.875,5,134.35294117647058,138
Carex_acutiformis,OZ207260.1,2307,6,15,2292,2.5,2.5,327.42857142857144,431
Carex_acutiformis,OZ207261.1,2249,15,56,2193,3.7333333333333334,4,137.0625,142
Carex_acutiformis,OZ207262.1,2245,17,84,2161,4.9411764705882355,5,120.05555555555556,129
Carex_acutiformis,OZ207263.1,2236,11,46,2190,4.181818181818182,4,182.5,182.5
Carex_acutiformis,OZ207264.1,2232,10,44,2188,4.4,4.5,198.9090909090909,180
Carex_acutiformis,OZ207265.1,2204,10,37,2167,3.7,4,197,201
Carex_acutiformis,OZ207266.1,2168,10,52,2116,5.2,5,192.36363636363637,220
Carex_acutiformis,OZ207267.1,2104,7,28,2076,4,4,259.5,222.5
Carex_acutiformis,OZ207268.1,2042,12,48,1994,4,4,153.3846153846154,122
Carex_acutiformis,OZ207269.1,1999,14,53,1946,3.7857142857142856,4,129.73333333333332,130
Carex_acutiformis,OZ207270.1,1957,11,41,1916,3.727272727272727,4,159.66666666666666,171
Carex_acutiformis,OZ207271.1,1942,9,42,1900,4.666666666666667,5,190,150
Carex_acutiformis,OZ207272.1,1863,5,26,1837,5.2,6,306.1666666666667,287
Carex_acutiformis,OZ207273.1,1852,15,58,1794,3.8666666666666667,3,112.125,134.5
Carex_acutiformis,OZ207274.1,1829,6,27,1802,4.5,4.5,257.42857142857144,262
Carex_acutiformis,OZ207275.1,1819,7,16,1803,2.2857142857142856,2,225.375,272
Carex_acutiformis,OZ207276.1,1818,9,31,1787,3.4444444444444446,4,178.7,162
Carex_acutiformis,OZ207277.1,1784,8,26,1758,3.25,4,195.33333333333334,201
Carex_acutiformis,OZ207278.1,1779,15,55,1724,3.6666666666666665,4,107.75,111
Carex_acutiformis,OZ207279.1,1773,7,23,1750,3.2857142857142856,3,218.75,250.5
Carex_acutiformis,OZ207280.1,1760,7,24,1736,3.4285714285714284,4,217,215.5
Carex_acutiformis,OZ207281.1,1756,9,32,1724,3.5555555555555554,4,172.4,182.5
Carex_acutiformis,OZ207282.1,1671,4,18,1653,4.5,5,330.6,250
Carex_acutiformis,OZ207283.1,1699,4,12,1687,3,3,337.4,281
Carex_acutiformis,OZ207284.1,1691,10,36,1655,3.6,4,150.45454545454547,163
Carex_acutiformis,OZ207285.1,1640,7,22,1618,3.142857142857143,3,202.25,144.5
Carex_acutiformis,OZ207286.1,1610,2,7,1603,3.5,3.5,534.3333333333334,589
Carex_acutiformis,OZ207287.1,1518,4,13,1505,3.25,3,301,314
Carex_acutiformis,OZ207288.1,1477,10,45,1432,4.5,4,130.1818181818182,112
Carex_acutiformis,OZ207289.1,1447,1,6,1441,6,6,720.5,720.5
Carex_acutiformis,OZ207290.1,1357,4,11,1346,2.75,3,269.2,251
Carex_acutiformis,OZ207291.1,1300,8,22,1278,2.75,3.5,142,140
Carex_distans,OZ211079.1,3878,28,101,3777,3.607142857142857,3.5,130.24137931034483,133
Carex_distans,OZ211080.1,3610,17,93,3517,5.470588235294118,5,195.38888888888889,162
Carex_distans,OZ211081.1,3694,26,155,3539,5.961538461538462,5,131.07407407407408,132
Carex_distans,OZ211082.1,2951,13,89,2862,6.846153846153846,6,204.42857142857142,189.5
Carex_distans,OZ211083.1,2557,18,93,2464,5.166666666666667,5,129.68421052631578,132
Carex_distans,OZ211084.1,2487,19,86,2401,4.526315789473684,5,120.05,103
Carex_distans,OZ211085.1,2401,15,70,2331,4.666666666666667,4,145.6875,143
Carex_distans,OZ211086.1,2364,12,62,2302,5.166666666666667,5,177.07692307692307,161
Carex_distans,OZ211087.1,2361,11,61,2300,5.545454545454546,5,191.66666666666666,186
Carex_distans,OZ211088.1,2246,12,56,2190,4.666666666666667,5,168.46153846153845,174
Carex_distans,OZ211089.1,2122,11,54,2068,4.909090909090909,5,172.33333333333334,168
Carex_distans,OZ211090.1,2037,12,60,1977,5,5,152.07692307692307,165
Carex_distans,OZ211091.1,2019,12,52,1967,4.333333333333333,5,151.30769230769232,133
Carex_distans,OZ211092.1,1986,18,73,1913,4.055555555555555,3.5,100.6842105263158,100
Carex_distans,OZ211093.1,1956,11,60,1896,5.454545454545454,5,158,108
Carex_distans,OZ211094.1,1949,13,57,1892,4.384615384615385,5,135.14285714285714,151
Carex_distans,OZ211095.1,1840,10,46,1794,4.6,3.5,163.0909090909091,163
Carex_distans,OZ211096.1,1808,12,53,1755,4.416666666666667,4.5,135,168
Carex_distans,OZ211097.1,1783,11,41,1742,3.727272727272727,4,145.16666666666666,135.5
Carex_distans,OZ211098.1,1775,10,39,1736,3.9,4.5,157.8181818181818,157
Carex_distans,OZ211099.1,1761,9,32,1729,3.5555555555555554,4,172.9,159.5
Carex_distans,OZ211100.1,1682,11,49,1633,4.454545454545454,5,136.08333333333334,112.5
Carex_distans,OZ211101.1,1647,10,53,1594,5.3,4.5,144.9090909090909,116
Carex_distans,OZ211102.1,1594,8,30,1564,3.75,3.5,173.77777777777777,141
Carex_distans,OZ211103.1,1566,11,45,1521,4.090909090909091,4,126.75,117
Carex_distans,OZ211104.1,1548,10,54,1494,5.4,4,135.8181818181818,184
Carex_distans,OZ211105.1,1527,9,38,1489,4.222222222222222,3,148.9,141
Carex_distans,OZ211106.1,1516,6,27,1489,4.5,5,212.71428571428572,172
Carex_distans,OZ211107.1,1448,11,45,1403,4.090909090909091,5,116.91666666666667,124.5
Carex_distans,OZ211108.1,1431,8,43,1388,5.375,5.5,154.22222222222223,137
Carex_distans,OZ211109.1,1425,9,34,1391,3.7777777777777777,4,139.1,159.5
Carex_distans,OZ211110.1,1366,6,33,1333,5.5,4.5,190.42857142857142,189
Carex_distans,OZ211111.1,1298,10,54,1244,5.4,5,113.0909090909091,129
Carex_distans,OZ211112.1,1322,5,23,1299,4.6,4,216.5,200.5
Carex_distans,OZ211113.1,1236,11,45,1191,4.090909090909091,5,99.25,78.5
Carex_hirta,OZ217858.1,2106,20,63,2043,3.15,3,97.28571428571429,81
Carex_hirta,OZ217859.1,1714,13,48,1666,3.6923076923076925,4,119,129
Carex_hirta,OZ217860.1,1705,19,69,1636,3.6315789473684212,4,81.8,81
Carex_hirta,OZ217861.1,1683,13,44,1639,3.3846153846153846,4,117.07142857142857,101
Carex_hirta,OZ217862.1,1621,19,61,1560,3.210526315789474,3,78,83
Carex_hirta,OZ217863.1,1579,16,52,1527,3.25,3,89.82352941176471,88
Carex_hirta,OZ217864.1,1574,11,36,1538,3.272727272727273,3,128.16666666666666,106
Carex_hirta,OZ217865.1,1552,15,55,1497,3.6666666666666665,3,93.5625,102.5
Carex_hirta,OZ217866.1,1525,13,48,1477,3.6923076923076925,4,105.5,115
Carex_hirta,OZ217867.1,1523,11,40,1483,3.6363636363636362,4,123.58333333333333,130
Carex_hirta,OZ217868.1,1439,15,44,1395,2.933333333333333,3,87.1875,87
Carex_hirta,OZ217869.1,1423,12,39,1384,3.25,3,106.46153846153847,82
Carex_hirta,OZ217870.1,1390,12,42,1348,3.5,4,103.6923076923077,104
Carex_hirta,OZ217871.1,1354,9,33,1321,3.6666666666666665,4,132.1,119.5
Carex_hirta,OZ217872.1,1349,11,33,1316,3,3,109.66666666666667,100
Carex_hirta,OZ217873.1,1311,12,34,1277,2.8333333333333335,3,98.23076923076923,111
Carex_hirta,OZ217874.1,1295,13,46,1249,3.5384615384615383,4,89.21428571428571,93
Carex_hirta,OZ217875.1,1250,5,19,1231,3.8,4,205.16666666666666,198
Carex_hirta,OZ217876.1,1238,14,39,1199,2.7857142857142856,3,79.93333333333334,93
Carex_hirta,OZ217877.1,1190,10,34,1156,3.4,3.5,105.0909090909091,114
Carex_hirta,OZ217878.1,1182,10,28,1154,2.8,3,104.9090909090909,88
Carex_hirta,OZ217879.1,1159,12,41,1118,3.4166666666666665,3,86,102
Carex_hirta,OZ217880.1,1157,11,34,1123,3.090909090909091,3,93.58333333333333,83
Carex_hirta,OZ217881.1,1149,7,23,1126,3.2857142857142856,3,140.75,150
Carex_hirta,OZ217882.1,1144,10,34,1110,3.4,3,100.9090909090909,77
Carex_hirta,OZ217883.1,1137,5,18,1119,3.6,4,186.5,143.5
Carex_hirta,OZ217884.1,1126,10,32,1094,3.2,3,99.45454545454545,126
Carex_hirta,OZ217885.1,1126,12,32,1094,2.6666666666666665,2.5,84.15384615384616,78
Carex_hirta,OZ217886.1,1110,10,35,1075,3.5,3.5,97.72727272727273,99
Carex_hirta,OZ217887.1,1094,9,31,1063,3.4444444444444446,3,106.3,97
Carex_hirta,OZ217888.1,1045,6,21,1024,3.5,3.5,146.28571428571428,107
Carex_hirta,OZ217889.1,1043,10,30,1013,3,3,92.09090909,100
Carex_hirta,OZ217890.1,1014,8,30,984,3.75,3.5,109.33333333333333,100
Carex_hirta,OZ217891.1,1004,9,25,979,2.7777777777777777,3,97.9,97
Carex_hirta,OZ217892.1,979,6,19,960,3.1666666666666665,3,137.14285714285714,140
Carex_hirta,OZ217893.1,975,10,36,939,3.6,3,85.36363636363636,75
Carex_hirta,OZ217894.1,937,8,24,913,3,3,101.44444444444444,104
Carex_hirta,OZ217895.1,917,5,16,901,3.2,3,150.16666666666666,165
Carex_hirta,OZ217896.1,913,10,28,885,2.8,3,80.45454545454545,106
Carex_hirta,OZ217897.1,910,7,25,885,3.5714285714285716,3,110.625,102
Carex_hirta,OZ217898.1,909,5,18,891,3.6,3,148.5,128
Carex_hirta,OZ217899.1,883,8,24,859,3,3,95.44444444444444,94
Carex_hirta,OZ217900.1,883,5,14,869,2.8,3,144.83333333333334,111.5
Carex_hirta,OZ217901.1,880,4,9,871,2.25,2.5,174.2,157
Carex_hirta,OZ217902.1,851,10,33,818,3.3,3,74.36363636363636,78
Carex_hirta,OZ217903.1,830,4,13,817,3.25,3,163.4,146
Carex_hirta,OZ217904.1,824,7,22,802,3.142857142857143,3,100.25,51
Carex_hirta,OZ217905.1,791,8,26,765,3.25,3,85,86
Carex_hirta,OZ217906.1,781,7,20,761,2.857142857142857,3,95.125,82.5
Carex_hirta,OZ217907.1,696,3,10,686,3.3333333333333335,4,171.5,147.5
Carex_hirta,OZ217908.1,659,5,16,643,3.2,3,107.16666666666667,99.5
Carex_hirta,OZ217909.1,634,9,23,611,2.5555555555555554,3,61.1,75.5
Carex_hirta,OZ217910.1,625,5,13,612,2.6,2,102,104.5
Carex_hirta,OZ217911.1,569,6,15,554,2.5,3,79.14285714285714,85
Carex_hirta,OZ217912.1,561,5,17,544,3.4,3,90.66666666666667,32.5
Carex_hirta,OZ217913.1,518,4,10,508,2.5,2.5,101.6,15